sample_name	library_ID	title	library_strategy	library_source	library_selection	library_layout	platform	instrument_model	design_description	filetype	filename	filename2
Six_Rivers_NF_S81	CGTACG_AAACATCG	RADseq of Darlingtonia Californica cuttings	RAD-Seq	GENOMIC	Restriction Digest	paired	ILLUMINA	Illumina HiSeq 2500	RAD-seq libraries using Sbf1	fastq	SOMM371_CGTACG_RA_GGAAACATCGTGCAGG.fastq	SOMM371_CGTACG_RB_GGAAACATCGTGCAGG.fastq
Six_Rivers_NF_S101	CGTACG_AACAACCA	RADseq of Darlingtonia Californica cuttings	RAD-Seq	GENOMIC	Restriction Digest	paired	ILLUMINA	Illumina HiSeq 2500	RAD-seq libraries using Sbf1	fastq	SOMM371_CGTACG_RA_GGAACAACCATGCAGG.fastq	SOMM371_CGTACG_RB_GGAACAACCATGCAGG.fastq
Six_Rivers_NF_S102	CGTACG_AACCGAGA	RADseq of Darlingtonia Californica cuttings	RAD-Seq	GENOMIC	Restriction Digest	paired	ILLUMINA	Illumina HiSeq 2500	RAD-seq libraries using Sbf1	fastq	SOMM371_CGTACG_RA_GGAACCGAGATGCAGG.fastq	SOMM371_CGTACG_RB_GGAACCGAGATGCAGG.fastq
Six_Rivers_NF_S103	CGTACG_AACGAACG	RADseq of Darlingtonia Californica cuttings	RAD-Seq	GENOMIC	Restriction Digest	paired	ILLUMINA	Illumina HiSeq 2500	RAD-seq libraries using Sbf1	fastq	SOMM371_CGTACG_RA_GGAACGAACGTGCAGG.fastq	SOMM371_CGTACG_RB_GGAACGAACGTGCAGG.fastq
Six_Rivers_NF_S104	CGTACG_AACGCTTA	RADseq of Darlingtonia Californica cuttings	RAD-Seq	GENOMIC	Restriction Digest	paired	ILLUMINA	Illumina HiSeq 2500	RAD-seq libraries using Sbf1	fastq	SOMM371_CGTACG_RA_GGAACGCTTATGCAGG.fastq	SOMM371_CGTACG_RB_GGAACGCTTATGCAGG.fastq
Six_Rivers_NF_S105	CGTACG_AACGTGAT	RADseq of Darlingtonia Californica cuttings	RAD-Seq	GENOMIC	Restriction Digest	paired	ILLUMINA	Illumina HiSeq 2500	RAD-seq libraries using Sbf1	fastq	SOMM371_CGTACG_RA_GGAACGTGATTGCAGG.fastq	SOMM371_CGTACG_RB_GGAACGTGATTGCAGG.fastq
Six_Rivers_NF_S106	CGTACG_AAGACGGA	RADseq of Darlingtonia Californica cuttings	RAD-Seq	GENOMIC	Restriction Digest	paired	ILLUMINA	Illumina HiSeq 2500	RAD-seq libraries using Sbf1	fastq	SOMM371_CGTACG_RA_GGAAGACGGATGCAGG.fastq	SOMM371_CGTACG_RB_GGAAGACGGATGCAGG.fastq
Plumas_NF_S161	CGTACG_AAGAGATC	RADseq of Darlingtonia Californica cuttings	RAD-Seq	GENOMIC	Restriction Digest	paired	ILLUMINA	Illumina HiSeq 2500	RAD-seq libraries using Sbf1	fastq	SOMM371_CGTACG_RA_GGAAGAGATCTGCAGG.fastq	SOMM371_CGTACG_RB_GGAAGAGATCTGCAGG.fastq
Plumas_NF_S162	CGTACG_AAGGACAC	RADseq of Darlingtonia Californica cuttings	RAD-Seq	GENOMIC	Restriction Digest	paired	ILLUMINA	Illumina HiSeq 2500	RAD-seq libraries using Sbf1	fastq	SOMM371_CGTACG_RA_GGAAGGACACTGCAGG.fastq	SOMM371_CGTACG_RB_GGAAGGACACTGCAGG.fastq
Six_Rivers_NF_S107	CGTACG_AAGGTACA	RADseq of Darlingtonia Californica cuttings	RAD-Seq	GENOMIC	Restriction Digest	paired	ILLUMINA	Illumina HiSeq 2500	RAD-seq libraries using Sbf1	fastq	SOMM371_CGTACG_RA_GGAAGGTACATGCAGG.fastq	SOMM371_CGTACG_RB_GGAAGGTACATGCAGG.fastq
Plumas_NF_S163	CGTACG_AATCCGTC	RADseq of Darlingtonia Californica cuttings	RAD-Seq	GENOMIC	Restriction Digest	paired	ILLUMINA	Illumina HiSeq 2500	RAD-seq libraries using Sbf1	fastq	SOMM371_CGTACG_RA_GGAATCCGTCTGCAGG.fastq	SOMM371_CGTACG_RB_GGAATCCGTCTGCAGG.fastq
Plumas_NF_S164	CGTACG_AATGTTGC	RADseq of Darlingtonia Californica cuttings	RAD-Seq	GENOMIC	Restriction Digest	paired	ILLUMINA	Illumina HiSeq 2500	RAD-seq libraries using Sbf1	fastq	SOMM371_CGTACG_RA_GGAATGTTGCTGCAGG.fastq	SOMM371_CGTACG_RB_GGAATGTTGCTGCAGG.fastq
Six_Rivers_NF_S82	CGTACG_ACAAGCTA	RADseq of Darlingtonia Californica cuttings	RAD-Seq	GENOMIC	Restriction Digest	paired	ILLUMINA	Illumina HiSeq 2500	RAD-seq libraries using Sbf1	fastq	SOMM371_CGTACG_RA_GGACAAGCTATGCAGG.fastq	SOMM371_CGTACG_RB_GGACAAGCTATGCAGG.fastq
Six_Rivers_NF_S108	CGTACG_ACACAGAA	RADseq of Darlingtonia Californica cuttings	RAD-Seq	GENOMIC	Restriction Digest	paired	ILLUMINA	Illumina HiSeq 2500	RAD-seq libraries using Sbf1	fastq	SOMM371_CGTACG_RA_GGACACAGAATGCAGG.fastq	SOMM371_CGTACG_RB_GGACACAGAATGCAGG.fastq
Plumas_NF_S165	CGTACG_ACACGAGA	RADseq of Darlingtonia Californica cuttings	RAD-Seq	GENOMIC	Restriction Digest	paired	ILLUMINA	Illumina HiSeq 2500	RAD-seq libraries using Sbf1	fastq	SOMM371_CGTACG_RA_GGACACGAGATGCAGG.fastq	SOMM371_CGTACG_RB_GGACACGAGATGCAGG.fastq
Plumas_NF_S166	CGTACG_ACACTGAC	RADseq of Darlingtonia Californica cuttings	RAD-Seq	GENOMIC	Restriction Digest	paired	ILLUMINA	Illumina HiSeq 2500	RAD-seq libraries using Sbf1	fastq	SOMM371_CGTACG_RA_GGACACTGACTGCAGG.fastq	SOMM371_CGTACG_RB_GGACACTGACTGCAGG.fastq
Plumas_NF_S167	CGTACG_ACAGATTC	RADseq of Darlingtonia Californica cuttings	RAD-Seq	GENOMIC	Restriction Digest	paired	ILLUMINA	Illumina HiSeq 2500	RAD-seq libraries using Sbf1	fastq	SOMM371_CGTACG_RA_GGACAGATTCTGCAGG.fastq	SOMM371_CGTACG_RB_GGACAGATTCTGCAGG.fastq
Six_Rivers_NF_S109	CGTACG_ACAGCAGA	RADseq of Darlingtonia Californica cuttings	RAD-Seq	GENOMIC	Restriction Digest	paired	ILLUMINA	Illumina HiSeq 2500	RAD-seq libraries using Sbf1	fastq	SOMM371_CGTACG_RA_GGACAGCAGATGCAGG.fastq	SOMM371_CGTACG_RB_GGACAGCAGATGCAGG.fastq
Six_Rivers_NF_S83	CGTACG_ACATTGGC	RADseq of Darlingtonia Californica cuttings	RAD-Seq	GENOMIC	Restriction Digest	paired	ILLUMINA	Illumina HiSeq 2500	RAD-seq libraries using Sbf1	fastq	SOMM371_CGTACG_RA_GGACATTGGCTGCAGG.fastq	SOMM371_CGTACG_RB_GGACATTGGCTGCAGG.fastq
Six_Rivers_NF_S84	CGTACG_ACCACTGT	RADseq of Darlingtonia Californica cuttings	RAD-Seq	GENOMIC	Restriction Digest	paired	ILLUMINA	Illumina HiSeq 2500	RAD-seq libraries using Sbf1	fastq	SOMM371_CGTACG_RA_GGACCACTGTTGCAGG.fastq	SOMM371_CGTACG_RB_GGACCACTGTTGCAGG.fastq
Six_Rivers_NF_S110	CGTACG_ACCTCCAA	RADseq of Darlingtonia Californica cuttings	RAD-Seq	GENOMIC	Restriction Digest	paired	ILLUMINA	Illumina HiSeq 2500	RAD-seq libraries using Sbf1	fastq	SOMM371_CGTACG_RA_GGACCTCCAATGCAGG.fastq	SOMM371_CGTACG_RB_GGACCTCCAATGCAGG.fastq
Plumas_NF_S168	CGTACG_ACGACAAG	RADseq of Darlingtonia Californica cuttings	RAD-Seq	GENOMIC	Restriction Digest	paired	ILLUMINA	Illumina HiSeq 2500	RAD-seq libraries using Sbf1	fastq	SOMM371_CGTACG_RA_GGACGACAAGTGCAGG.fastq	SOMM371_CGTACG_RB_GGACGACAAGTGCAGG.fastq
Six_Rivers_NF_S111	CGTACG_ACGCTCGA	RADseq of Darlingtonia Californica cuttings	RAD-Seq	GENOMIC	Restriction Digest	paired	ILLUMINA	Illumina HiSeq 2500	RAD-seq libraries using Sbf1	fastq	SOMM371_CGTACG_RA_GGACGCTCGATGCAGG.fastq	SOMM371_CGTACG_RB_GGACGCTCGATGCAGG.fastq
Six_Rivers_NF_S112	CGTACG_ACGTATCA	RADseq of Darlingtonia Californica cuttings	RAD-Seq	GENOMIC	Restriction Digest	paired	ILLUMINA	Illumina HiSeq 2500	RAD-seq libraries using Sbf1	fastq	SOMM371_CGTACG_RA_GGACGTATCATGCAGG.fastq	SOMM371_CGTACG_RB_GGACGTATCATGCAGG.fastq
Six_Rivers_NF_S113	CGTACG_ACTATGCA	RADseq of Darlingtonia Californica cuttings	RAD-Seq	GENOMIC	Restriction Digest	paired	ILLUMINA	Illumina HiSeq 2500	RAD-seq libraries using Sbf1	fastq	SOMM371_CGTACG_RA_GGACTATGCATGCAGG.fastq	SOMM371_CGTACG_RB_GGACTATGCATGCAGG.fastq
Six_Rivers_NF_S114	CGTACG_AGAGTCAA	RADseq of Darlingtonia Californica cuttings	RAD-Seq	GENOMIC	Restriction Digest	paired	ILLUMINA	Illumina HiSeq 2500	RAD-seq libraries using Sbf1	fastq	SOMM371_CGTACG_RA_GGAGAGTCAATGCAGG.fastq	SOMM371_CGTACG_RB_GGAGAGTCAATGCAGG.fastq
Six_Rivers_NF_S121	CGTACG_AGATCGCA	RADseq of Darlingtonia Californica cuttings	RAD-Seq	GENOMIC	Restriction Digest	paired	ILLUMINA	Illumina HiSeq 2500	RAD-seq libraries using Sbf1	fastq	SOMM371_CGTACG_RA_GGAGATCGCATGCAGG.fastq	SOMM371_CGTACG_RB_GGAGATCGCATGCAGG.fastq
Plumas_NF_S169	CGTACG_AGATGTAC	RADseq of Darlingtonia Californica cuttings	RAD-Seq	GENOMIC	Restriction Digest	paired	ILLUMINA	Illumina HiSeq 2500	RAD-seq libraries using Sbf1	fastq	SOMM371_CGTACG_RA_GGAGATGTACTGCAGG.fastq	SOMM371_CGTACG_RB_GGAGATGTACTGCAGG.fastq
Plumas_NF_S170	CGTACG_AGCACCTC	RADseq of Darlingtonia Californica cuttings	RAD-Seq	GENOMIC	Restriction Digest	paired	ILLUMINA	Illumina HiSeq 2500	RAD-seq libraries using Sbf1	fastq	SOMM371_CGTACG_RA_GGAGCACCTCTGCAGG.fastq	SOMM371_CGTACG_RB_GGAGCACCTCTGCAGG.fastq
Six_Rivers_NF_S122	CGTACG_AGCAGGAA	RADseq of Darlingtonia Californica cuttings	RAD-Seq	GENOMIC	Restriction Digest	paired	ILLUMINA	Illumina HiSeq 2500	RAD-seq libraries using Sbf1	fastq	SOMM371_CGTACG_RA_GGAGCAGGAATGCAGG.fastq	SOMM371_CGTACG_RB_GGAGCAGGAATGCAGG.fastq
Plumas_NF_S171	CGTACG_AGCCATGC	RADseq of Darlingtonia Californica cuttings	RAD-Seq	GENOMIC	Restriction Digest	paired	ILLUMINA	Illumina HiSeq 2500	RAD-seq libraries using Sbf1	fastq	SOMM371_CGTACG_RA_GGAGCCATGCTGCAGG.fastq	SOMM371_CGTACG_RB_GGAGCCATGCTGCAGG.fastq
Plumas_NF_S172	CGTACG_AGGCTAAC	RADseq of Darlingtonia Californica cuttings	RAD-Seq	GENOMIC	Restriction Digest	paired	ILLUMINA	Illumina HiSeq 2500	RAD-seq libraries using Sbf1	fastq	SOMM371_CGTACG_RA_GGAGGCTAACTGCAGG.fastq	SOMM371_CGTACG_RB_GGAGGCTAACTGCAGG.fastq
Six_Rivers_NF_S115	CGTACG_AGTACAAG	RADseq of Darlingtonia Californica cuttings	RAD-Seq	GENOMIC	Restriction Digest	paired	ILLUMINA	Illumina HiSeq 2500	RAD-seq libraries using Sbf1	fastq	SOMM371_CGTACG_RA_GGAGTACAAGTGCAGG.fastq	SOMM371_CGTACG_RB_GGAGTACAAGTGCAGG.fastq
Plumas_NF_S181	CGTACG_AGTCAAGC	RADseq of Darlingtonia Californica cuttings	RAD-Seq	GENOMIC	Restriction Digest	paired	ILLUMINA	Illumina HiSeq 2500	RAD-seq libraries using Sbf1	fastq	SOMM371_CGTACG_RA_GGAGTCAAGCTGCAGG.fastq	SOMM371_CGTACG_RB_GGAGTCAAGCTGCAGG.fastq
Six_Rivers_NF_S123	CGTACG_AGTCACTA	RADseq of Darlingtonia Californica cuttings	RAD-Seq	GENOMIC	Restriction Digest	paired	ILLUMINA	Illumina HiSeq 2500	RAD-seq libraries using Sbf1	fastq	SOMM371_CGTACG_RA_GGAGTCACTATGCAGG.fastq	SOMM371_CGTACG_RB_GGAGTCACTATGCAGG.fastq
Six_Rivers_NF_S116	CGTACG_AGTGGTCA	RADseq of Darlingtonia Californica cuttings	RAD-Seq	GENOMIC	Restriction Digest	paired	ILLUMINA	Illumina HiSeq 2500	RAD-seq libraries using Sbf1	fastq	SOMM371_CGTACG_RA_GGAGTGGTCATGCAGG.fastq	SOMM371_CGTACG_RB_GGAGTGGTCATGCAGG.fastq
Plumas_NF_S173	CGTACG_ATAGCGAC	RADseq of Darlingtonia Californica cuttings	RAD-Seq	GENOMIC	Restriction Digest	paired	ILLUMINA	Illumina HiSeq 2500	RAD-seq libraries using Sbf1	fastq	SOMM371_CGTACG_RA_GGATAGCGACTGCAGG.fastq	SOMM371_CGTACG_RB_GGATAGCGACTGCAGG.fastq
Six_Rivers_NF_S124	CGTACG_ATCCTGTA	RADseq of Darlingtonia Californica cuttings	RAD-Seq	GENOMIC	Restriction Digest	paired	ILLUMINA	Illumina HiSeq 2500	RAD-seq libraries using Sbf1	fastq	SOMM371_CGTACG_RA_GGATCCTGTATGCAGG.fastq	SOMM371_CGTACG_RB_GGATCCTGTATGCAGG.fastq
Six_Rivers_NF_S117	CGTACG_ATGCCTAA	RADseq of Darlingtonia Californica cuttings	RAD-Seq	GENOMIC	Restriction Digest	paired	ILLUMINA	Illumina HiSeq 2500	RAD-seq libraries using Sbf1	fastq	SOMM371_CGTACG_RA_GGATGCCTAATGCAGG.fastq	SOMM371_CGTACG_RB_GGATGCCTAATGCAGG.fastq
Six_Rivers_NF_S125	CGTACG_ATTGAGGA	RADseq of Darlingtonia Californica cuttings	RAD-Seq	GENOMIC	Restriction Digest	paired	ILLUMINA	Illumina HiSeq 2500	RAD-seq libraries using Sbf1	fastq	SOMM371_CGTACG_RA_GGATTGAGGATGCAGG.fastq	SOMM371_CGTACG_RB_GGATTGAGGATGCAGG.fastq
Plumas_NF_S174	CGTACG_ATTGGCTC	RADseq of Darlingtonia Californica cuttings	RAD-Seq	GENOMIC	Restriction Digest	paired	ILLUMINA	Illumina HiSeq 2500	RAD-seq libraries using Sbf1	fastq	SOMM371_CGTACG_RA_GGATTGGCTCTGCAGG.fastq	SOMM371_CGTACG_RB_GGATTGGCTCTGCAGG.fastq
Six_Rivers_NF_S126	CGTACG_CAACCACA	RADseq of Darlingtonia Californica cuttings	RAD-Seq	GENOMIC	Restriction Digest	paired	ILLUMINA	Illumina HiSeq 2500	RAD-seq libraries using Sbf1	fastq	SOMM371_CGTACG_RA_GGCAACCACATGCAGG.fastq	SOMM371_CGTACG_RB_GGCAACCACATGCAGG.fastq
Six_Rivers_NF_S127	CGTACG_CAAGACTA	RADseq of Darlingtonia Californica cuttings	RAD-Seq	GENOMIC	Restriction Digest	paired	ILLUMINA	Illumina HiSeq 2500	RAD-seq libraries using Sbf1	fastq	SOMM371_CGTACG_RA_GGCAAGACTATGCAGG.fastq	SOMM371_CGTACG_RB_GGCAAGACTATGCAGG.fastq
Plumas_NF_S175	CGTACG_CAAGGAGC	RADseq of Darlingtonia Californica cuttings	RAD-Seq	GENOMIC	Restriction Digest	paired	ILLUMINA	Illumina HiSeq 2500	RAD-seq libraries using Sbf1	fastq	SOMM371_CGTACG_RA_GGCAAGGAGCTGCAGG.fastq	SOMM371_CGTACG_RB_GGCAAGGAGCTGCAGG.fastq
Six_Rivers_NF_S128	CGTACG_CAATGGAA	RADseq of Darlingtonia Californica cuttings	RAD-Seq	GENOMIC	Restriction Digest	paired	ILLUMINA	Illumina HiSeq 2500	RAD-seq libraries using Sbf1	fastq	SOMM371_CGTACG_RA_GGCAATGGAATGCAGG.fastq	SOMM371_CGTACG_RB_GGCAATGGAATGCAGG.fastq
Plumas_NF_S176	CGTACG_CACCTTAC	RADseq of Darlingtonia Californica cuttings	RAD-Seq	GENOMIC	Restriction Digest	paired	ILLUMINA	Illumina HiSeq 2500	RAD-seq libraries using Sbf1	fastq	SOMM371_CGTACG_RA_GGCACCTTACTGCAGG.fastq	SOMM371_CGTACG_RB_GGCACCTTACTGCAGG.fastq
Six_Rivers_NF_S129	CGTACG_CACTTCGA	RADseq of Darlingtonia Californica cuttings	RAD-Seq	GENOMIC	Restriction Digest	paired	ILLUMINA	Illumina HiSeq 2500	RAD-seq libraries using Sbf1	fastq	SOMM371_CGTACG_RA_GGCACTTCGATGCAGG.fastq	SOMM371_CGTACG_RB_GGCACTTCGATGCAGG.fastq
Six_Rivers_NF_S118	CGTACG_CAGATCTG	RADseq of Darlingtonia Californica cuttings	RAD-Seq	GENOMIC	Restriction Digest	paired	ILLUMINA	Illumina HiSeq 2500	RAD-seq libraries using Sbf1	fastq	SOMM371_CGTACG_RA_GGCAGATCTGTGCAGG.fastq	SOMM371_CGTACG_RB_GGCAGATCTGTGCAGG.fastq
Six_Rivers_NF_S130	CGTACG_CAGCGTTA	RADseq of Darlingtonia Californica cuttings	RAD-Seq	GENOMIC	Restriction Digest	paired	ILLUMINA	Illumina HiSeq 2500	RAD-seq libraries using Sbf1	fastq	SOMM371_CGTACG_RA_GGCAGCGTTATGCAGG.fastq	SOMM371_CGTACG_RB_GGCAGCGTTATGCAGG.fastq
Six_Rivers_NF_S131	CGTACG_CATACCAA	RADseq of Darlingtonia Californica cuttings	RAD-Seq	GENOMIC	Restriction Digest	paired	ILLUMINA	Illumina HiSeq 2500	RAD-seq libraries using Sbf1	fastq	SOMM371_CGTACG_RA_GGCATACCAATGCAGG.fastq	SOMM371_CGTACG_RB_GGCATACCAATGCAGG.fastq
Six_Rivers_NF_S119	CGTACG_CATCAAGT	RADseq of Darlingtonia Californica cuttings	RAD-Seq	GENOMIC	Restriction Digest	paired	ILLUMINA	Illumina HiSeq 2500	RAD-seq libraries using Sbf1	fastq	SOMM371_CGTACG_RA_GGCATCAAGTTGCAGG.fastq	SOMM371_CGTACG_RB_GGCATCAAGTTGCAGG.fastq
Six_Rivers_NF_S132	CGTACG_CCAGTTCA	RADseq of Darlingtonia Californica cuttings	RAD-Seq	GENOMIC	Restriction Digest	paired	ILLUMINA	Illumina HiSeq 2500	RAD-seq libraries using Sbf1	fastq	SOMM371_CGTACG_RA_GGCCAGTTCATGCAGG.fastq	SOMM371_CGTACG_RB_GGCCAGTTCATGCAGG.fastq
Plumas_NF_S182	CGTACG_CCATCCTC	RADseq of Darlingtonia Californica cuttings	RAD-Seq	GENOMIC	Restriction Digest	paired	ILLUMINA	Illumina HiSeq 2500	RAD-seq libraries using Sbf1	fastq	SOMM371_CGTACG_RA_GGCCATCCTCTGCAGG.fastq	SOMM371_CGTACG_RB_GGCCATCCTCTGCAGG.fastq
Six_Rivers_NF_S133	CGTACG_CCGAAGTA	RADseq of Darlingtonia Californica cuttings	RAD-Seq	GENOMIC	Restriction Digest	paired	ILLUMINA	Illumina HiSeq 2500	RAD-seq libraries using Sbf1	fastq	SOMM371_CGTACG_RA_GGCCGAAGTATGCAGG.fastq	SOMM371_CGTACG_RB_GGCCGAAGTATGCAGG.fastq
Plumas_NF_S183	CGTACG_CCGACAAC	RADseq of Darlingtonia Californica cuttings	RAD-Seq	GENOMIC	Restriction Digest	paired	ILLUMINA	Illumina HiSeq 2500	RAD-seq libraries using Sbf1	fastq	SOMM371_CGTACG_RA_GGCCGACAACTGCAGG.fastq	SOMM371_CGTACG_RB_GGCCGACAACTGCAGG.fastq
Six_Rivers_NF_S134	CGTACG_CCGTGAGA	RADseq of Darlingtonia Californica cuttings	RAD-Seq	GENOMIC	Restriction Digest	paired	ILLUMINA	Illumina HiSeq 2500	RAD-seq libraries using Sbf1	fastq	SOMM371_CGTACG_RA_GGCCGTGAGATGCAGG.fastq	SOMM371_CGTACG_RB_GGCCGTGAGATGCAGG.fastq
Six_Rivers_NF_S135	CGTACG_CCTCCTGA	RADseq of Darlingtonia Californica cuttings	RAD-Seq	GENOMIC	Restriction Digest	paired	ILLUMINA	Illumina HiSeq 2500	RAD-seq libraries using Sbf1	fastq	SOMM371_CGTACG_RA_GGCCTCCTGATGCAGG.fastq	SOMM371_CGTACG_RB_GGCCTCCTGATGCAGG.fastq
Plumas_NF_S184	CGTACG_CCTCTATC	RADseq of Darlingtonia Californica cuttings	RAD-Seq	GENOMIC	Restriction Digest	paired	ILLUMINA	Illumina HiSeq 2500	RAD-seq libraries using Sbf1	fastq	SOMM371_CGTACG_RA_GGCCTCTATCTGCAGG.fastq	SOMM371_CGTACG_RB_GGCCTCTATCTGCAGG.fastq
Six_Rivers_NF_S136	CGTACG_CGAACTTA	RADseq of Darlingtonia Californica cuttings	RAD-Seq	GENOMIC	Restriction Digest	paired	ILLUMINA	Illumina HiSeq 2500	RAD-seq libraries using Sbf1	fastq	SOMM371_CGTACG_RA_GGCGAACTTATGCAGG.fastq	SOMM371_CGTACG_RB_GGCGAACTTATGCAGG.fastq
Plumas_NF_S185	CGTACG_CGACACAC	RADseq of Darlingtonia Californica cuttings	RAD-Seq	GENOMIC	Restriction Digest	paired	ILLUMINA	Illumina HiSeq 2500	RAD-seq libraries using Sbf1	fastq	SOMM371_CGTACG_RA_GGCGACACACTGCAGG.fastq	SOMM371_CGTACG_RB_GGCGACACACTGCAGG.fastq
Six_Rivers_NF_S137	CGTACG_CGACTGGA	RADseq of Darlingtonia Californica cuttings	RAD-Seq	GENOMIC	Restriction Digest	paired	ILLUMINA	Illumina HiSeq 2500	RAD-seq libraries using Sbf1	fastq	SOMM371_CGTACG_RA_GGCGACTGGATGCAGG.fastq	SOMM371_CGTACG_RB_GGCGACTGGATGCAGG.fastq
Six_Rivers_NF_S138	CGTACG_CGCATACA	RADseq of Darlingtonia Californica cuttings	RAD-Seq	GENOMIC	Restriction Digest	paired	ILLUMINA	Illumina HiSeq 2500	RAD-seq libraries using Sbf1	fastq	SOMM371_CGTACG_RA_GGCGCATACATGCAGG.fastq	SOMM371_CGTACG_RB_GGCGCATACATGCAGG.fastq
Six_Rivers_NF_S120	CGTACG_CGCTGATC	RADseq of Darlingtonia Californica cuttings	RAD-Seq	GENOMIC	Restriction Digest	paired	ILLUMINA	Illumina HiSeq 2500	RAD-seq libraries using Sbf1	fastq	SOMM371_CGTACG_RA_GGCGCTGATCTGCAGG.fastq	SOMM371_CGTACG_RB_GGCGCTGATCTGCAGG.fastq
Plumas_NF_S186	CGTACG_CGGATTGC	RADseq of Darlingtonia Californica cuttings	RAD-Seq	GENOMIC	Restriction Digest	paired	ILLUMINA	Illumina HiSeq 2500	RAD-seq libraries using Sbf1	fastq	SOMM371_CGTACG_RA_GGCGGATTGCTGCAGG.fastq	SOMM371_CGTACG_RB_GGCGGATTGCTGCAGG.fastq
Plumas_NF_S187	CGTACG_CTAAGGTC	RADseq of Darlingtonia Californica cuttings	RAD-Seq	GENOMIC	Restriction Digest	paired	ILLUMINA	Illumina HiSeq 2500	RAD-seq libraries using Sbf1	fastq	SOMM371_CGTACG_RA_GGCTAAGGTCTGCAGG.fastq	SOMM371_CGTACG_RB_GGCTAAGGTCTGCAGG.fastq
Six_Rivers_NF_S139	CGTACG_CTCAATGA	RADseq of Darlingtonia Californica cuttings	RAD-Seq	GENOMIC	Restriction Digest	paired	ILLUMINA	Illumina HiSeq 2500	RAD-seq libraries using Sbf1	fastq	SOMM371_CGTACG_RA_GGCTCAATGATGCAGG.fastq	SOMM371_CGTACG_RB_GGCTCAATGATGCAGG.fastq
Six_Rivers_NF_S140	CGTACG_CTGAGCCA	RADseq of Darlingtonia Californica cuttings	RAD-Seq	GENOMIC	Restriction Digest	paired	ILLUMINA	Illumina HiSeq 2500	RAD-seq libraries using Sbf1	fastq	SOMM371_CGTACG_RA_GGCTGAGCCATGCAGG.fastq	SOMM371_CGTACG_RB_GGCTGAGCCATGCAGG.fastq
Plumas_NF_S141	CGTACG_CTGGCATA	RADseq of Darlingtonia Californica cuttings	RAD-Seq	GENOMIC	Restriction Digest	paired	ILLUMINA	Illumina HiSeq 2500	RAD-seq libraries using Sbf1	fastq	SOMM371_CGTACG_RA_GGCTGGCATATGCAGG.fastq	SOMM371_CGTACG_RB_GGCTGGCATATGCAGG.fastq
Plumas_NF_S188	CGTACG_GAACAGGC	RADseq of Darlingtonia Californica cuttings	RAD-Seq	GENOMIC	Restriction Digest	paired	ILLUMINA	Illumina HiSeq 2500	RAD-seq libraries using Sbf1	fastq	SOMM371_CGTACG_RA_GGGAACAGGCTGCAGG.fastq	SOMM371_CGTACG_RB_GGGAACAGGCTGCAGG.fastq
Plumas_NF_S142	CGTACG_GAATCTGA	RADseq of Darlingtonia Californica cuttings	RAD-Seq	GENOMIC	Restriction Digest	paired	ILLUMINA	Illumina HiSeq 2500	RAD-seq libraries using Sbf1	fastq	SOMM371_CGTACG_RA_GGGAATCTGATGCAGG.fastq	SOMM371_CGTACG_RB_GGGAATCTGATGCAGG.fastq
Plumas_NF_S189	CGTACG_GACAGTGC	RADseq of Darlingtonia Californica cuttings	RAD-Seq	GENOMIC	Restriction Digest	paired	ILLUMINA	Illumina HiSeq 2500	RAD-seq libraries using Sbf1	fastq	SOMM371_CGTACG_RA_GGGACAGTGCTGCAGG.fastq	SOMM371_CGTACG_RB_GGGACAGTGCTGCAGG.fastq
Plumas_NF_S143	CGTACG_GACTAGTA	RADseq of Darlingtonia Californica cuttings	RAD-Seq	GENOMIC	Restriction Digest	paired	ILLUMINA	Illumina HiSeq 2500	RAD-seq libraries using Sbf1	fastq	SOMM371_CGTACG_RA_GGGACTAGTATGCAGG.fastq	SOMM371_CGTACG_RB_GGGACTAGTATGCAGG.fastq
Plumas_NF_S144	CGTACG_GAGCTGAA	RADseq of Darlingtonia Californica cuttings	RAD-Seq	GENOMIC	Restriction Digest	paired	ILLUMINA	Illumina HiSeq 2500	RAD-seq libraries using Sbf1	fastq	SOMM371_CGTACG_RA_GGGAGCTGAATGCAGG.fastq	SOMM371_CGTACG_RB_GGGAGCTGAATGCAGG.fastq
Plumas_NF_S190	CGTACG_GAGTTAGC	RADseq of Darlingtonia Californica cuttings	RAD-Seq	GENOMIC	Restriction Digest	paired	ILLUMINA	Illumina HiSeq 2500	RAD-seq libraries using Sbf1	fastq	SOMM371_CGTACG_RA_GGGAGTTAGCTGCAGG.fastq	SOMM371_CGTACG_RB_GGGAGTTAGCTGCAGG.fastq
Plumas_NF_S145	CGTACG_GATAGACA	RADseq of Darlingtonia Californica cuttings	RAD-Seq	GENOMIC	Restriction Digest	paired	ILLUMINA	Illumina HiSeq 2500	RAD-seq libraries using Sbf1	fastq	SOMM371_CGTACG_RA_GGGATAGACATGCAGG.fastq	SOMM371_CGTACG_RB_GGGATAGACATGCAGG.fastq
Plumas_NF_S191	CGTACG_GATGAATC	RADseq of Darlingtonia Californica cuttings	RAD-Seq	GENOMIC	Restriction Digest	paired	ILLUMINA	Illumina HiSeq 2500	RAD-seq libraries using Sbf1	fastq	SOMM371_CGTACG_RA_GGGATGAATCTGCAGG.fastq	SOMM371_CGTACG_RB_GGGATGAATCTGCAGG.fastq
Plumas_NF_S192	CGTACG_GCCAAGAC	RADseq of Darlingtonia Californica cuttings	RAD-Seq	GENOMIC	Restriction Digest	paired	ILLUMINA	Illumina HiSeq 2500	RAD-seq libraries using Sbf1	fastq	SOMM371_CGTACG_RA_GGGCCAAGACTGCAGG.fastq	SOMM371_CGTACG_RB_GGGCCAAGACTGCAGG.fastq
Plumas_NF_S146	CGTACG_GCCACATA	RADseq of Darlingtonia Californica cuttings	RAD-Seq	GENOMIC	Restriction Digest	paired	ILLUMINA	Illumina HiSeq 2500	RAD-seq libraries using Sbf1	fastq	SOMM371_CGTACG_RA_GGGCCACATATGCAGG.fastq	SOMM371_CGTACG_RB_GGGCCACATATGCAGG.fastq
Plumas_NF_S147	CGTACG_GCGAGTAA	RADseq of Darlingtonia Californica cuttings	RAD-Seq	GENOMIC	Restriction Digest	paired	ILLUMINA	Illumina HiSeq 2500	RAD-seq libraries using Sbf1	fastq	SOMM371_CGTACG_RA_GGGCGAGTAATGCAGG.fastq	SOMM371_CGTACG_RB_GGGCGAGTAATGCAGG.fastq
Plumas_NF_S148	CGTACG_GCTAACGA	RADseq of Darlingtonia Californica cuttings	RAD-Seq	GENOMIC	Restriction Digest	paired	ILLUMINA	Illumina HiSeq 2500	RAD-seq libraries using Sbf1	fastq	SOMM371_CGTACG_RA_GGGCTAACGATGCAGG.fastq	SOMM371_CGTACG_RB_GGGCTAACGATGCAGG.fastq
Plumas_NF_S149	CGTACG_GCTCGGTA	RADseq of Darlingtonia Californica cuttings	RAD-Seq	GENOMIC	Restriction Digest	paired	ILLUMINA	Illumina HiSeq 2500	RAD-seq libraries using Sbf1	fastq	SOMM371_CGTACG_RA_GGGCTCGGTATGCAGG.fastq	SOMM371_CGTACG_RB_GGGCTCGGTATGCAGG.fastq
Plumas_NF_S150	CGTACG_GGAGAACA	RADseq of Darlingtonia Californica cuttings	RAD-Seq	GENOMIC	Restriction Digest	paired	ILLUMINA	Illumina HiSeq 2500	RAD-seq libraries using Sbf1	fastq	SOMM371_CGTACG_RA_GGGGAGAACATGCAGG.fastq	SOMM371_CGTACG_RB_GGGGAGAACATGCAGG.fastq
Plumas_NF_S151	CGTACG_GGTGCGAA	RADseq of Darlingtonia Californica cuttings	RAD-Seq	GENOMIC	Restriction Digest	paired	ILLUMINA	Illumina HiSeq 2500	RAD-seq libraries using Sbf1	fastq	SOMM371_CGTACG_RA_GGGGTGCGAATGCAGG.fastq	SOMM371_CGTACG_RB_GGGGTGCGAATGCAGG.fastq
Plumas_NF_S152	CGTACG_GTACGCAA	RADseq of Darlingtonia Californica cuttings	RAD-Seq	GENOMIC	Restriction Digest	paired	ILLUMINA	Illumina HiSeq 2500	RAD-seq libraries using Sbf1	fastq	SOMM371_CGTACG_RA_GGGTACGCAATGCAGG.fastq	SOMM371_CGTACG_RB_GGGTACGCAATGCAGG.fastq
Plumas_NF_S153	CGTACG_GTCGTAGA	RADseq of Darlingtonia Californica cuttings	RAD-Seq	GENOMIC	Restriction Digest	paired	ILLUMINA	Illumina HiSeq 2500	RAD-seq libraries using Sbf1	fastq	SOMM371_CGTACG_RA_GGGTCGTAGATGCAGG.fastq	SOMM371_CGTACG_RB_GGGTCGTAGATGCAGG.fastq
Plumas_NF_S154	CGTACG_GTCTGTCA	RADseq of Darlingtonia Californica cuttings	RAD-Seq	GENOMIC	Restriction Digest	paired	ILLUMINA	Illumina HiSeq 2500	RAD-seq libraries using Sbf1	fastq	SOMM371_CGTACG_RA_GGGTCTGTCATGCAGG.fastq	SOMM371_CGTACG_RB_GGGTCTGTCATGCAGG.fastq
Plumas_NF_S155	CGTACG_GTGTTCTA	RADseq of Darlingtonia Californica cuttings	RAD-Seq	GENOMIC	Restriction Digest	paired	ILLUMINA	Illumina HiSeq 2500	RAD-seq libraries using Sbf1	fastq	SOMM371_CGTACG_RA_GGGTGTTCTATGCAGG.fastq	SOMM371_CGTACG_RB_GGGTGTTCTATGCAGG.fastq
Plumas_NF_S156	CGTACG_TAGGATGA	RADseq of Darlingtonia Californica cuttings	RAD-Seq	GENOMIC	Restriction Digest	paired	ILLUMINA	Illumina HiSeq 2500	RAD-seq libraries using Sbf1	fastq	SOMM371_CGTACG_RA_GGTAGGATGATGCAGG.fastq	SOMM371_CGTACG_RB_GGTAGGATGATGCAGG.fastq
Plumas_NF_S157	CGTACG_TATCAGCA	RADseq of Darlingtonia Californica cuttings	RAD-Seq	GENOMIC	Restriction Digest	paired	ILLUMINA	Illumina HiSeq 2500	RAD-seq libraries using Sbf1	fastq	SOMM371_CGTACG_RA_GGTATCAGCATGCAGG.fastq	SOMM371_CGTACG_RB_GGTATCAGCATGCAGG.fastq
Plumas_NF_S158	CGTACG_TCCGTCTA	RADseq of Darlingtonia Californica cuttings	RAD-Seq	GENOMIC	Restriction Digest	paired	ILLUMINA	Illumina HiSeq 2500	RAD-seq libraries using Sbf1	fastq	SOMM371_CGTACG_RA_GGTCCGTCTATGCAGG.fastq	SOMM371_CGTACG_RB_GGTCCGTCTATGCAGG.fastq
Plumas_NF_S159	CGTACG_TCTTCACA	RADseq of Darlingtonia Californica cuttings	RAD-Seq	GENOMIC	Restriction Digest	paired	ILLUMINA	Illumina HiSeq 2500	RAD-seq libraries using Sbf1	fastq	SOMM371_CGTACG_RA_GGTCTTCACATGCAGG.fastq	SOMM371_CGTACG_RB_GGTCTTCACATGCAGG.fastq
Plumas_NF_S160	CGTACG_TGAAGAGA	RADseq of Darlingtonia Californica cuttings	RAD-Seq	GENOMIC	Restriction Digest	paired	ILLUMINA	Illumina HiSeq 2500	RAD-seq libraries using Sbf1	fastq	SOMM371_CGTACG_RA_GGTGAAGAGATGCAGG.fastq	SOMM371_CGTACG_RB_GGTGAAGAGATGCAGG.fastq
Plumas_NF_S177	CGTACG_TGGAACAA	RADseq of Darlingtonia Californica cuttings	RAD-Seq	GENOMIC	Restriction Digest	paired	ILLUMINA	Illumina HiSeq 2500	RAD-seq libraries using Sbf1	fastq	SOMM371_CGTACG_RA_GGTGGAACAATGCAGG.fastq	SOMM371_CGTACG_RB_GGTGGAACAATGCAGG.fastq
Plumas_NF_S178	CGTACG_TGGCTTCA	RADseq of Darlingtonia Californica cuttings	RAD-Seq	GENOMIC	Restriction Digest	paired	ILLUMINA	Illumina HiSeq 2500	RAD-seq libraries using Sbf1	fastq	SOMM371_CGTACG_RA_GGTGGCTTCATGCAGG.fastq	SOMM371_CGTACG_RB_GGTGGCTTCATGCAGG.fastq
Plumas_NF_S179	CGTACG_TGGTGGTA	RADseq of Darlingtonia Californica cuttings	RAD-Seq	GENOMIC	Restriction Digest	paired	ILLUMINA	Illumina HiSeq 2500	RAD-seq libraries using Sbf1	fastq	SOMM371_CGTACG_RA_GGTGGTGGTATGCAGG.fastq	SOMM371_CGTACG_RB_GGTGGTGGTATGCAGG.fastq
Plumas_NF_S180	CGTACG_TTCACGCA	RADseq of Darlingtonia Californica cuttings	RAD-Seq	GENOMIC	Restriction Digest	paired	ILLUMINA	Illumina HiSeq 2500	RAD-seq libraries using Sbf1	fastq	SOMM371_CGTACG_RA_GGTTCACGCATGCAGG.fastq	SOMM371_CGTACG_RB_GGTTCACGCATGCAGG.fastq
Shasta-Trinity_NF_S1	GAGTGG_AAACATCG	RADseq of Darlingtonia Californica cuttings	RAD-Seq	GENOMIC	Restriction Digest	paired	ILLUMINA	Illumina HiSeq 2500	RAD-seq libraries using Sbf1	fastq	SOMM371_GAGTGG_RA_GGAAACATCGTGCAGG.fastq	SOMM371_GAGTGG_RB_GGAAACATCGTGCAGG.fastq
Shasta-Trinity_NF_S2	GAGTGG_AACAACCA	RADseq of Darlingtonia Californica cuttings	RAD-Seq	GENOMIC	Restriction Digest	paired	ILLUMINA	Illumina HiSeq 2500	RAD-seq libraries using Sbf1	fastq	SOMM371_GAGTGG_RA_GGAACAACCATGCAGG.fastq	SOMM371_GAGTGG_RB_GGAACAACCATGCAGG.fastq
Shasta-Trinity_NF_S3	GAGTGG_AACCGAGA	RADseq of Darlingtonia Californica cuttings	RAD-Seq	GENOMIC	Restriction Digest	paired	ILLUMINA	Illumina HiSeq 2500	RAD-seq libraries using Sbf1	fastq	SOMM371_GAGTGG_RA_GGAACCGAGATGCAGG.fastq	SOMM371_GAGTGG_RB_GGAACCGAGATGCAGG.fastq
Shasta-Trinity_NF_S4	GAGTGG_AACGAACG	RADseq of Darlingtonia Californica cuttings	RAD-Seq	GENOMIC	Restriction Digest	paired	ILLUMINA	Illumina HiSeq 2500	RAD-seq libraries using Sbf1	fastq	SOMM371_GAGTGG_RA_GGAACGAACGTGCAGG.fastq	SOMM371_GAGTGG_RB_GGAACGAACGTGCAGG.fastq
Shasta-Trinity_NF_S5	GAGTGG_AACGCTTA	RADseq of Darlingtonia Californica cuttings	RAD-Seq	GENOMIC	Restriction Digest	paired	ILLUMINA	Illumina HiSeq 2500	RAD-seq libraries using Sbf1	fastq	SOMM371_GAGTGG_RA_GGAACGCTTATGCAGG.fastq	SOMM371_GAGTGG_RB_GGAACGCTTATGCAGG.fastq
Shasta-Trinity_NF_S6	GAGTGG_AACGTGAT	RADseq of Darlingtonia Californica cuttings	RAD-Seq	GENOMIC	Restriction Digest	paired	ILLUMINA	Illumina HiSeq 2500	RAD-seq libraries using Sbf1	fastq	SOMM371_GAGTGG_RA_GGAACGTGATTGCAGG.fastq	SOMM371_GAGTGG_RB_GGAACGTGATTGCAGG.fastq
Shasta-Trinity_NF_S7	GAGTGG_AAGACGGA	RADseq of Darlingtonia Californica cuttings	RAD-Seq	GENOMIC	Restriction Digest	paired	ILLUMINA	Illumina HiSeq 2500	RAD-seq libraries using Sbf1	fastq	SOMM371_GAGTGG_RA_GGAAGACGGATGCAGG.fastq	SOMM371_GAGTGG_RB_GGAAGACGGATGCAGG.fastq
Six_Rivers_NF_S61	GAGTGG_AAGAGATC	RADseq of Darlingtonia Californica cuttings	RAD-Seq	GENOMIC	Restriction Digest	paired	ILLUMINA	Illumina HiSeq 2500	RAD-seq libraries using Sbf1	fastq	SOMM371_GAGTGG_RA_GGAAGAGATCTGCAGG.fastq	SOMM371_GAGTGG_RB_GGAAGAGATCTGCAGG.fastq
Six_Rivers_NF_S62	GAGTGG_AAGGACAC	RADseq of Darlingtonia Californica cuttings	RAD-Seq	GENOMIC	Restriction Digest	paired	ILLUMINA	Illumina HiSeq 2500	RAD-seq libraries using Sbf1	fastq	SOMM371_GAGTGG_RA_GGAAGGACACTGCAGG.fastq	SOMM371_GAGTGG_RB_GGAAGGACACTGCAGG.fastq
Shasta-Trinity_NF_S8	GAGTGG_AAGGTACA	RADseq of Darlingtonia Californica cuttings	RAD-Seq	GENOMIC	Restriction Digest	paired	ILLUMINA	Illumina HiSeq 2500	RAD-seq libraries using Sbf1	fastq	SOMM371_GAGTGG_RA_GGAAGGTACATGCAGG.fastq	SOMM371_GAGTGG_RB_GGAAGGTACATGCAGG.fastq
Six_Rivers_NF_S63	GAGTGG_AATCCGTC	RADseq of Darlingtonia Californica cuttings	RAD-Seq	GENOMIC	Restriction Digest	paired	ILLUMINA	Illumina HiSeq 2500	RAD-seq libraries using Sbf1	fastq	SOMM371_GAGTGG_RA_GGAATCCGTCTGCAGG.fastq	SOMM371_GAGTGG_RB_GGAATCCGTCTGCAGG.fastq
Six_Rivers_NF_S64	GAGTGG_AATGTTGC	RADseq of Darlingtonia Californica cuttings	RAD-Seq	GENOMIC	Restriction Digest	paired	ILLUMINA	Illumina HiSeq 2500	RAD-seq libraries using Sbf1	fastq	SOMM371_GAGTGG_RA_GGAATGTTGCTGCAGG.fastq	SOMM371_GAGTGG_RB_GGAATGTTGCTGCAGG.fastq
Shasta-Trinity_NF_S9	GAGTGG_ACAAGCTA	RADseq of Darlingtonia Californica cuttings	RAD-Seq	GENOMIC	Restriction Digest	paired	ILLUMINA	Illumina HiSeq 2500	RAD-seq libraries using Sbf1	fastq	SOMM371_GAGTGG_RA_GGACAAGCTATGCAGG.fastq	SOMM371_GAGTGG_RB_GGACAAGCTATGCAGG.fastq
Shasta-Trinity_NF_S10	GAGTGG_ACACAGAA	RADseq of Darlingtonia Californica cuttings	RAD-Seq	GENOMIC	Restriction Digest	paired	ILLUMINA	Illumina HiSeq 2500	RAD-seq libraries using Sbf1	fastq	SOMM371_GAGTGG_RA_GGACACAGAATGCAGG.fastq	SOMM371_GAGTGG_RB_GGACACAGAATGCAGG.fastq
Six_Rivers_NF_S65	GAGTGG_ACACGAGA	RADseq of Darlingtonia Californica cuttings	RAD-Seq	GENOMIC	Restriction Digest	paired	ILLUMINA	Illumina HiSeq 2500	RAD-seq libraries using Sbf1	fastq	SOMM371_GAGTGG_RA_GGACACGAGATGCAGG.fastq	SOMM371_GAGTGG_RB_GGACACGAGATGCAGG.fastq
Six_Rivers_NF_S66	GAGTGG_ACACTGAC	RADseq of Darlingtonia Californica cuttings	RAD-Seq	GENOMIC	Restriction Digest	paired	ILLUMINA	Illumina HiSeq 2500	RAD-seq libraries using Sbf1	fastq	SOMM371_GAGTGG_RA_GGACACTGACTGCAGG.fastq	SOMM371_GAGTGG_RB_GGACACTGACTGCAGG.fastq
Six_Rivers_NF_S67	GAGTGG_ACAGATTC	RADseq of Darlingtonia Californica cuttings	RAD-Seq	GENOMIC	Restriction Digest	paired	ILLUMINA	Illumina HiSeq 2500	RAD-seq libraries using Sbf1	fastq	SOMM371_GAGTGG_RA_GGACAGATTCTGCAGG.fastq	SOMM371_GAGTGG_RB_GGACAGATTCTGCAGG.fastq
Shasta-Trinity_NF_S11	GAGTGG_ACAGCAGA	RADseq of Darlingtonia Californica cuttings	RAD-Seq	GENOMIC	Restriction Digest	paired	ILLUMINA	Illumina HiSeq 2500	RAD-seq libraries using Sbf1	fastq	SOMM371_GAGTGG_RA_GGACAGCAGATGCAGG.fastq	SOMM371_GAGTGG_RB_GGACAGCAGATGCAGG.fastq
Shasta-Trinity_NF_S12	GAGTGG_ACATTGGC	RADseq of Darlingtonia Californica cuttings	RAD-Seq	GENOMIC	Restriction Digest	paired	ILLUMINA	Illumina HiSeq 2500	RAD-seq libraries using Sbf1	fastq	SOMM371_GAGTGG_RA_GGACATTGGCTGCAGG.fastq	SOMM371_GAGTGG_RB_GGACATTGGCTGCAGG.fastq
Shasta-Trinity_NF_S13	GAGTGG_ACCACTGT	RADseq of Darlingtonia Californica cuttings	RAD-Seq	GENOMIC	Restriction Digest	paired	ILLUMINA	Illumina HiSeq 2500	RAD-seq libraries using Sbf1	fastq	SOMM371_GAGTGG_RA_GGACCACTGTTGCAGG.fastq	SOMM371_GAGTGG_RB_GGACCACTGTTGCAGG.fastq
Shasta-Trinity_NF_S14	GAGTGG_ACCTCCAA	RADseq of Darlingtonia Californica cuttings	RAD-Seq	GENOMIC	Restriction Digest	paired	ILLUMINA	Illumina HiSeq 2500	RAD-seq libraries using Sbf1	fastq	SOMM371_GAGTGG_RA_GGACCTCCAATGCAGG.fastq	SOMM371_GAGTGG_RB_GGACCTCCAATGCAGG.fastq
Six_Rivers_NF_S85	GAGTGG_ACGACAAG	RADseq of Darlingtonia Californica cuttings	RAD-Seq	GENOMIC	Restriction Digest	paired	ILLUMINA	Illumina HiSeq 2500	RAD-seq libraries using Sbf1	fastq	SOMM371_GAGTGG_RA_GGACGACAAGTGCAGG.fastq	SOMM371_GAGTGG_RB_GGACGACAAGTGCAGG.fastq
Shasta-Trinity_NF_S21	GAGTGG_ACGCTCGA	RADseq of Darlingtonia Californica cuttings	RAD-Seq	GENOMIC	Restriction Digest	paired	ILLUMINA	Illumina HiSeq 2500	RAD-seq libraries using Sbf1	fastq	SOMM371_GAGTGG_RA_GGACGCTCGATGCAGG.fastq	SOMM371_GAGTGG_RB_GGACGCTCGATGCAGG.fastq
Shasta-Trinity_NF_S22	GAGTGG_ACGTATCA	RADseq of Darlingtonia Californica cuttings	RAD-Seq	GENOMIC	Restriction Digest	paired	ILLUMINA	Illumina HiSeq 2500	RAD-seq libraries using Sbf1	fastq	SOMM371_GAGTGG_RA_GGACGTATCATGCAGG.fastq	SOMM371_GAGTGG_RB_GGACGTATCATGCAGG.fastq
Shasta-Trinity_NF_S23	GAGTGG_ACTATGCA	RADseq of Darlingtonia Californica cuttings	RAD-Seq	GENOMIC	Restriction Digest	paired	ILLUMINA	Illumina HiSeq 2500	RAD-seq libraries using Sbf1	fastq	SOMM371_GAGTGG_RA_GGACTATGCATGCAGG.fastq	SOMM371_GAGTGG_RB_GGACTATGCATGCAGG.fastq
Shasta-Trinity_NF_S24	GAGTGG_AGAGTCAA	RADseq of Darlingtonia Californica cuttings	RAD-Seq	GENOMIC	Restriction Digest	paired	ILLUMINA	Illumina HiSeq 2500	RAD-seq libraries using Sbf1	fastq	SOMM371_GAGTGG_RA_GGAGAGTCAATGCAGG.fastq	SOMM371_GAGTGG_RB_GGAGAGTCAATGCAGG.fastq
Shasta-Trinity_NF_S25	GAGTGG_AGATCGCA	RADseq of Darlingtonia Californica cuttings	RAD-Seq	GENOMIC	Restriction Digest	paired	ILLUMINA	Illumina HiSeq 2500	RAD-seq libraries using Sbf1	fastq	SOMM371_GAGTGG_RA_GGAGATCGCATGCAGG.fastq	SOMM371_GAGTGG_RB_GGAGATCGCATGCAGG.fastq
Six_Rivers_NF_S68	GAGTGG_AGATGTAC	RADseq of Darlingtonia Californica cuttings	RAD-Seq	GENOMIC	Restriction Digest	paired	ILLUMINA	Illumina HiSeq 2500	RAD-seq libraries using Sbf1	fastq	SOMM371_GAGTGG_RA_GGAGATGTACTGCAGG.fastq	SOMM371_GAGTGG_RB_GGAGATGTACTGCAGG.fastq
Six_Rivers_NF_S69	GAGTGG_AGCACCTC	RADseq of Darlingtonia Californica cuttings	RAD-Seq	GENOMIC	Restriction Digest	paired	ILLUMINA	Illumina HiSeq 2500	RAD-seq libraries using Sbf1	fastq	SOMM371_GAGTGG_RA_GGAGCACCTCTGCAGG.fastq	SOMM371_GAGTGG_RB_GGAGCACCTCTGCAGG.fastq
Shasta-Trinity_NF_S26	GAGTGG_AGCAGGAA	RADseq of Darlingtonia Californica cuttings	RAD-Seq	GENOMIC	Restriction Digest	paired	ILLUMINA	Illumina HiSeq 2500	RAD-seq libraries using Sbf1	fastq	SOMM371_GAGTGG_RA_GGAGCAGGAATGCAGG.fastq	SOMM371_GAGTGG_RB_GGAGCAGGAATGCAGG.fastq
Six_Rivers_NF_S70	GAGTGG_AGCCATGC	RADseq of Darlingtonia Californica cuttings	RAD-Seq	GENOMIC	Restriction Digest	paired	ILLUMINA	Illumina HiSeq 2500	RAD-seq libraries using Sbf1	fastq	SOMM371_GAGTGG_RA_GGAGCCATGCTGCAGG.fastq	SOMM371_GAGTGG_RB_GGAGCCATGCTGCAGG.fastq
Six_Rivers_NF_S71	GAGTGG_AGGCTAAC	RADseq of Darlingtonia Californica cuttings	RAD-Seq	GENOMIC	Restriction Digest	paired	ILLUMINA	Illumina HiSeq 2500	RAD-seq libraries using Sbf1	fastq	SOMM371_GAGTGG_RA_GGAGGCTAACTGCAGG.fastq	SOMM371_GAGTGG_RB_GGAGGCTAACTGCAGG.fastq
Shasta-Trinity_NF_S15	GAGTGG_AGTACAAG	RADseq of Darlingtonia Californica cuttings	RAD-Seq	GENOMIC	Restriction Digest	paired	ILLUMINA	Illumina HiSeq 2500	RAD-seq libraries using Sbf1	fastq	SOMM371_GAGTGG_RA_GGAGTACAAGTGCAGG.fastq	SOMM371_GAGTGG_RB_GGAGTACAAGTGCAGG.fastq
Six_Rivers_NF_S86	GAGTGG_AGTCAAGC	RADseq of Darlingtonia Californica cuttings	RAD-Seq	GENOMIC	Restriction Digest	paired	ILLUMINA	Illumina HiSeq 2500	RAD-seq libraries using Sbf1	fastq	SOMM371_GAGTGG_RA_GGAGTCAAGCTGCAGG.fastq	SOMM371_GAGTGG_RB_GGAGTCAAGCTGCAGG.fastq
Shasta-Trinity_NF_S27	GAGTGG_AGTCACTA	RADseq of Darlingtonia Californica cuttings	RAD-Seq	GENOMIC	Restriction Digest	paired	ILLUMINA	Illumina HiSeq 2500	RAD-seq libraries using Sbf1	fastq	SOMM371_GAGTGG_RA_GGAGTCACTATGCAGG.fastq	SOMM371_GAGTGG_RB_GGAGTCACTATGCAGG.fastq
Shasta-Trinity_NF_S16	GAGTGG_AGTGGTCA	RADseq of Darlingtonia Californica cuttings	RAD-Seq	GENOMIC	Restriction Digest	paired	ILLUMINA	Illumina HiSeq 2500	RAD-seq libraries using Sbf1	fastq	SOMM371_GAGTGG_RA_GGAGTGGTCATGCAGG.fastq	SOMM371_GAGTGG_RB_GGAGTGGTCATGCAGG.fastq
Six_Rivers_NF_S72	GAGTGG_ATAGCGAC	RADseq of Darlingtonia Californica cuttings	RAD-Seq	GENOMIC	Restriction Digest	paired	ILLUMINA	Illumina HiSeq 2500	RAD-seq libraries using Sbf1	fastq	SOMM371_GAGTGG_RA_GGATAGCGACTGCAGG.fastq	SOMM371_GAGTGG_RB_GGATAGCGACTGCAGG.fastq
Shasta-Trinity_NF_S28	GAGTGG_ATCCTGTA	RADseq of Darlingtonia Californica cuttings	RAD-Seq	GENOMIC	Restriction Digest	paired	ILLUMINA	Illumina HiSeq 2500	RAD-seq libraries using Sbf1	fastq	SOMM371_GAGTGG_RA_GGATCCTGTATGCAGG.fastq	SOMM371_GAGTGG_RB_GGATCCTGTATGCAGG.fastq
Shasta-Trinity_NF_S17	GAGTGG_ATGCCTAA	RADseq of Darlingtonia Californica cuttings	RAD-Seq	GENOMIC	Restriction Digest	paired	ILLUMINA	Illumina HiSeq 2500	RAD-seq libraries using Sbf1	fastq	SOMM371_GAGTGG_RA_GGATGCCTAATGCAGG.fastq	SOMM371_GAGTGG_RB_GGATGCCTAATGCAGG.fastq
Shasta-Trinity_NF_S29	GAGTGG_ATTGAGGA	RADseq of Darlingtonia Californica cuttings	RAD-Seq	GENOMIC	Restriction Digest	paired	ILLUMINA	Illumina HiSeq 2500	RAD-seq libraries using Sbf1	fastq	SOMM371_GAGTGG_RA_GGATTGAGGATGCAGG.fastq	SOMM371_GAGTGG_RB_GGATTGAGGATGCAGG.fastq
Six_Rivers_NF_S87	GAGTGG_ATTGGCTC	RADseq of Darlingtonia Californica cuttings	RAD-Seq	GENOMIC	Restriction Digest	paired	ILLUMINA	Illumina HiSeq 2500	RAD-seq libraries using Sbf1	fastq	SOMM371_GAGTGG_RA_GGATTGGCTCTGCAGG.fastq	SOMM371_GAGTGG_RB_GGATTGGCTCTGCAGG.fastq
Shasta-Trinity_NF_S30	GAGTGG_CAACCACA	RADseq of Darlingtonia Californica cuttings	RAD-Seq	GENOMIC	Restriction Digest	paired	ILLUMINA	Illumina HiSeq 2500	RAD-seq libraries using Sbf1	fastq	SOMM371_GAGTGG_RA_GGCAACCACATGCAGG.fastq	SOMM371_GAGTGG_RB_GGCAACCACATGCAGG.fastq
Shasta-Trinity_NF_S31	GAGTGG_CAAGACTA	RADseq of Darlingtonia Californica cuttings	RAD-Seq	GENOMIC	Restriction Digest	paired	ILLUMINA	Illumina HiSeq 2500	RAD-seq libraries using Sbf1	fastq	SOMM371_GAGTGG_RA_GGCAAGACTATGCAGG.fastq	SOMM371_GAGTGG_RB_GGCAAGACTATGCAGG.fastq
Six_Rivers_NF_S88	GAGTGG_CAAGGAGC	RADseq of Darlingtonia Californica cuttings	RAD-Seq	GENOMIC	Restriction Digest	paired	ILLUMINA	Illumina HiSeq 2500	RAD-seq libraries using Sbf1	fastq	SOMM371_GAGTGG_RA_GGCAAGGAGCTGCAGG.fastq	SOMM371_GAGTGG_RB_GGCAAGGAGCTGCAGG.fastq
Shasta-Trinity_NF_S32	GAGTGG_CAATGGAA	RADseq of Darlingtonia Californica cuttings	RAD-Seq	GENOMIC	Restriction Digest	paired	ILLUMINA	Illumina HiSeq 2500	RAD-seq libraries using Sbf1	fastq	SOMM371_GAGTGG_RA_GGCAATGGAATGCAGG.fastq	SOMM371_GAGTGG_RB_GGCAATGGAATGCAGG.fastq
Six_Rivers_NF_S89	GAGTGG_CACCTTAC	RADseq of Darlingtonia Californica cuttings	RAD-Seq	GENOMIC	Restriction Digest	paired	ILLUMINA	Illumina HiSeq 2500	RAD-seq libraries using Sbf1	fastq	SOMM371_GAGTGG_RA_GGCACCTTACTGCAGG.fastq	SOMM371_GAGTGG_RB_GGCACCTTACTGCAGG.fastq
Shasta-Trinity_NF_S33	GAGTGG_CACTTCGA	RADseq of Darlingtonia Californica cuttings	RAD-Seq	GENOMIC	Restriction Digest	paired	ILLUMINA	Illumina HiSeq 2500	RAD-seq libraries using Sbf1	fastq	SOMM371_GAGTGG_RA_GGCACTTCGATGCAGG.fastq	SOMM371_GAGTGG_RB_GGCACTTCGATGCAGG.fastq
Shasta-Trinity_NF_S18	GAGTGG_CAGATCTG	RADseq of Darlingtonia Californica cuttings	RAD-Seq	GENOMIC	Restriction Digest	paired	ILLUMINA	Illumina HiSeq 2500	RAD-seq libraries using Sbf1	fastq	SOMM371_GAGTGG_RA_GGCAGATCTGTGCAGG.fastq	SOMM371_GAGTGG_RB_GGCAGATCTGTGCAGG.fastq
Shasta-Trinity_NF_S34	GAGTGG_CAGCGTTA	RADseq of Darlingtonia Californica cuttings	RAD-Seq	GENOMIC	Restriction Digest	paired	ILLUMINA	Illumina HiSeq 2500	RAD-seq libraries using Sbf1	fastq	SOMM371_GAGTGG_RA_GGCAGCGTTATGCAGG.fastq	SOMM371_GAGTGG_RB_GGCAGCGTTATGCAGG.fastq
Shasta-Trinity_NF_S35	GAGTGG_CATACCAA	RADseq of Darlingtonia Californica cuttings	RAD-Seq	GENOMIC	Restriction Digest	paired	ILLUMINA	Illumina HiSeq 2500	RAD-seq libraries using Sbf1	fastq	SOMM371_GAGTGG_RA_GGCATACCAATGCAGG.fastq	SOMM371_GAGTGG_RB_GGCATACCAATGCAGG.fastq
Shasta-Trinity_NF_S19	GAGTGG_CATCAAGT	RADseq of Darlingtonia Californica cuttings	RAD-Seq	GENOMIC	Restriction Digest	paired	ILLUMINA	Illumina HiSeq 2500	RAD-seq libraries using Sbf1	fastq	SOMM371_GAGTGG_RA_GGCATCAAGTTGCAGG.fastq	SOMM371_GAGTGG_RB_GGCATCAAGTTGCAGG.fastq
Shasta-Trinity_NF_S36	GAGTGG_CCAGTTCA	RADseq of Darlingtonia Californica cuttings	RAD-Seq	GENOMIC	Restriction Digest	paired	ILLUMINA	Illumina HiSeq 2500	RAD-seq libraries using Sbf1	fastq	SOMM371_GAGTGG_RA_GGCCAGTTCATGCAGG.fastq	SOMM371_GAGTGG_RB_GGCCAGTTCATGCAGG.fastq
Six_Rivers_NF_S90	GAGTGG_CCATCCTC	RADseq of Darlingtonia Californica cuttings	RAD-Seq	GENOMIC	Restriction Digest	paired	ILLUMINA	Illumina HiSeq 2500	RAD-seq libraries using Sbf1	fastq	SOMM371_GAGTGG_RA_GGCCATCCTCTGCAGG.fastq	SOMM371_GAGTGG_RB_GGCCATCCTCTGCAGG.fastq
Shasta-Trinity_NF_S37	GAGTGG_CCGAAGTA	RADseq of Darlingtonia Californica cuttings	RAD-Seq	GENOMIC	Restriction Digest	paired	ILLUMINA	Illumina HiSeq 2500	RAD-seq libraries using Sbf1	fastq	SOMM371_GAGTGG_RA_GGCCGAAGTATGCAGG.fastq	SOMM371_GAGTGG_RB_GGCCGAAGTATGCAGG.fastq
Six_Rivers_NF_S91	GAGTGG_CCGACAAC	RADseq of Darlingtonia Californica cuttings	RAD-Seq	GENOMIC	Restriction Digest	paired	ILLUMINA	Illumina HiSeq 2500	RAD-seq libraries using Sbf1	fastq	SOMM371_GAGTGG_RA_GGCCGACAACTGCAGG.fastq	SOMM371_GAGTGG_RB_GGCCGACAACTGCAGG.fastq
Shasta-Trinity_NF_S38	GAGTGG_CCGTGAGA	RADseq of Darlingtonia Californica cuttings	RAD-Seq	GENOMIC	Restriction Digest	paired	ILLUMINA	Illumina HiSeq 2500	RAD-seq libraries using Sbf1	fastq	SOMM371_GAGTGG_RA_GGCCGTGAGATGCAGG.fastq	SOMM371_GAGTGG_RB_GGCCGTGAGATGCAGG.fastq
Shasta-Trinity_NF_S39	GAGTGG_CCTCCTGA	RADseq of Darlingtonia Californica cuttings	RAD-Seq	GENOMIC	Restriction Digest	paired	ILLUMINA	Illumina HiSeq 2500	RAD-seq libraries using Sbf1	fastq	SOMM371_GAGTGG_RA_GGCCTCCTGATGCAGG.fastq	SOMM371_GAGTGG_RB_GGCCTCCTGATGCAGG.fastq
Six_Rivers_NF_S92	GAGTGG_CCTCTATC	RADseq of Darlingtonia Californica cuttings	RAD-Seq	GENOMIC	Restriction Digest	paired	ILLUMINA	Illumina HiSeq 2500	RAD-seq libraries using Sbf1	fastq	SOMM371_GAGTGG_RA_GGCCTCTATCTGCAGG.fastq	SOMM371_GAGTGG_RB_GGCCTCTATCTGCAGG.fastq
Shasta-Trinity_NF_S40	GAGTGG_CGAACTTA	RADseq of Darlingtonia Californica cuttings	RAD-Seq	GENOMIC	Restriction Digest	paired	ILLUMINA	Illumina HiSeq 2500	RAD-seq libraries using Sbf1	fastq	SOMM371_GAGTGG_RA_GGCGAACTTATGCAGG.fastq	SOMM371_GAGTGG_RB_GGCGAACTTATGCAGG.fastq
Six_Rivers_NF_S93	GAGTGG_CGACACAC	RADseq of Darlingtonia Californica cuttings	RAD-Seq	GENOMIC	Restriction Digest	paired	ILLUMINA	Illumina HiSeq 2500	RAD-seq libraries using Sbf1	fastq	SOMM371_GAGTGG_RA_GGCGACACACTGCAGG.fastq	SOMM371_GAGTGG_RB_GGCGACACACTGCAGG.fastq
Six_Rivers_NF_S41	GAGTGG_CGACTGGA	RADseq of Darlingtonia Californica cuttings	RAD-Seq	GENOMIC	Restriction Digest	paired	ILLUMINA	Illumina HiSeq 2500	RAD-seq libraries using Sbf1	fastq	SOMM371_GAGTGG_RA_GGCGACTGGATGCAGG.fastq	SOMM371_GAGTGG_RB_GGCGACTGGATGCAGG.fastq
Six_Rivers_NF_S42	GAGTGG_CGCATACA	RADseq of Darlingtonia Californica cuttings	RAD-Seq	GENOMIC	Restriction Digest	paired	ILLUMINA	Illumina HiSeq 2500	RAD-seq libraries using Sbf1	fastq	SOMM371_GAGTGG_RA_GGCGCATACATGCAGG.fastq	SOMM371_GAGTGG_RB_GGCGCATACATGCAGG.fastq
Shasta-Trinity_NF_S20	GAGTGG_CGCTGATC	RADseq of Darlingtonia Californica cuttings	RAD-Seq	GENOMIC	Restriction Digest	paired	ILLUMINA	Illumina HiSeq 2500	RAD-seq libraries using Sbf1	fastq	SOMM371_GAGTGG_RA_GGCGCTGATCTGCAGG.fastq	SOMM371_GAGTGG_RB_GGCGCTGATCTGCAGG.fastq
Six_Rivers_NF_S94	GAGTGG_CGGATTGC	RADseq of Darlingtonia Californica cuttings	RAD-Seq	GENOMIC	Restriction Digest	paired	ILLUMINA	Illumina HiSeq 2500	RAD-seq libraries using Sbf1	fastq	SOMM371_GAGTGG_RA_GGCGGATTGCTGCAGG.fastq	SOMM371_GAGTGG_RB_GGCGGATTGCTGCAGG.fastq
Six_Rivers_NF_S95	GAGTGG_CTAAGGTC	RADseq of Darlingtonia Californica cuttings	RAD-Seq	GENOMIC	Restriction Digest	paired	ILLUMINA	Illumina HiSeq 2500	RAD-seq libraries using Sbf1	fastq	SOMM371_GAGTGG_RA_GGCTAAGGTCTGCAGG.fastq	SOMM371_GAGTGG_RB_GGCTAAGGTCTGCAGG.fastq
Six_Rivers_NF_S43	GAGTGG_CTCAATGA	RADseq of Darlingtonia Californica cuttings	RAD-Seq	GENOMIC	Restriction Digest	paired	ILLUMINA	Illumina HiSeq 2500	RAD-seq libraries using Sbf1	fastq	SOMM371_GAGTGG_RA_GGCTCAATGATGCAGG.fastq	SOMM371_GAGTGG_RB_GGCTCAATGATGCAGG.fastq
Six_Rivers_NF_S44	GAGTGG_CTGAGCCA	RADseq of Darlingtonia Californica cuttings	RAD-Seq	GENOMIC	Restriction Digest	paired	ILLUMINA	Illumina HiSeq 2500	RAD-seq libraries using Sbf1	fastq	SOMM371_GAGTGG_RA_GGCTGAGCCATGCAGG.fastq	SOMM371_GAGTGG_RB_GGCTGAGCCATGCAGG.fastq
Six_Rivers_NF_S45	GAGTGG_CTGGCATA	RADseq of Darlingtonia Californica cuttings	RAD-Seq	GENOMIC	Restriction Digest	paired	ILLUMINA	Illumina HiSeq 2500	RAD-seq libraries using Sbf1	fastq	SOMM371_GAGTGG_RA_GGCTGGCATATGCAGG.fastq	SOMM371_GAGTGG_RB_GGCTGGCATATGCAGG.fastq
Six_Rivers_NF_S96	GAGTGG_GAACAGGC	RADseq of Darlingtonia Californica cuttings	RAD-Seq	GENOMIC	Restriction Digest	paired	ILLUMINA	Illumina HiSeq 2500	RAD-seq libraries using Sbf1	fastq	SOMM371_GAGTGG_RA_GGGAACAGGCTGCAGG.fastq	SOMM371_GAGTGG_RB_GGGAACAGGCTGCAGG.fastq
Six_Rivers_NF_S46	GAGTGG_GAATCTGA	RADseq of Darlingtonia Californica cuttings	RAD-Seq	GENOMIC	Restriction Digest	paired	ILLUMINA	Illumina HiSeq 2500	RAD-seq libraries using Sbf1	fastq	SOMM371_GAGTGG_RA_GGGAATCTGATGCAGG.fastq	SOMM371_GAGTGG_RB_GGGAATCTGATGCAGG.fastq
Six_Rivers_NF_S97	GAGTGG_GACAGTGC	RADseq of Darlingtonia Californica cuttings	RAD-Seq	GENOMIC	Restriction Digest	paired	ILLUMINA	Illumina HiSeq 2500	RAD-seq libraries using Sbf1	fastq	SOMM371_GAGTGG_RA_GGGACAGTGCTGCAGG.fastq	SOMM371_GAGTGG_RB_GGGACAGTGCTGCAGG.fastq
Six_Rivers_NF_S47	GAGTGG_GACTAGTA	RADseq of Darlingtonia Californica cuttings	RAD-Seq	GENOMIC	Restriction Digest	paired	ILLUMINA	Illumina HiSeq 2500	RAD-seq libraries using Sbf1	fastq	SOMM371_GAGTGG_RA_GGGACTAGTATGCAGG.fastq	SOMM371_GAGTGG_RB_GGGACTAGTATGCAGG.fastq
Six_Rivers_NF_S48	GAGTGG_GAGCTGAA	RADseq of Darlingtonia Californica cuttings	RAD-Seq	GENOMIC	Restriction Digest	paired	ILLUMINA	Illumina HiSeq 2500	RAD-seq libraries using Sbf1	fastq	SOMM371_GAGTGG_RA_GGGAGCTGAATGCAGG.fastq	SOMM371_GAGTGG_RB_GGGAGCTGAATGCAGG.fastq
Six_Rivers_NF_S98	GAGTGG_GAGTTAGC	RADseq of Darlingtonia Californica cuttings	RAD-Seq	GENOMIC	Restriction Digest	paired	ILLUMINA	Illumina HiSeq 2500	RAD-seq libraries using Sbf1	fastq	SOMM371_GAGTGG_RA_GGGAGTTAGCTGCAGG.fastq	SOMM371_GAGTGG_RB_GGGAGTTAGCTGCAGG.fastq
Six_Rivers_NF_S49	GAGTGG_GATAGACA	RADseq of Darlingtonia Californica cuttings	RAD-Seq	GENOMIC	Restriction Digest	paired	ILLUMINA	Illumina HiSeq 2500	RAD-seq libraries using Sbf1	fastq	SOMM371_GAGTGG_RA_GGGATAGACATGCAGG.fastq	SOMM371_GAGTGG_RB_GGGATAGACATGCAGG.fastq
Six_Rivers_NF_S99	GAGTGG_GATGAATC	RADseq of Darlingtonia Californica cuttings	RAD-Seq	GENOMIC	Restriction Digest	paired	ILLUMINA	Illumina HiSeq 2500	RAD-seq libraries using Sbf1	fastq	SOMM371_GAGTGG_RA_GGGATGAATCTGCAGG.fastq	SOMM371_GAGTGG_RB_GGGATGAATCTGCAGG.fastq
Six_Rivers_NF_S100	GAGTGG_GCCAAGAC	RADseq of Darlingtonia Californica cuttings	RAD-Seq	GENOMIC	Restriction Digest	paired	ILLUMINA	Illumina HiSeq 2500	RAD-seq libraries using Sbf1	fastq	SOMM371_GAGTGG_RA_GGGCCAAGACTGCAGG.fastq	SOMM371_GAGTGG_RB_GGGCCAAGACTGCAGG.fastq
Six_Rivers_NF_S50	GAGTGG_GCCACATA	RADseq of Darlingtonia Californica cuttings	RAD-Seq	GENOMIC	Restriction Digest	paired	ILLUMINA	Illumina HiSeq 2500	RAD-seq libraries using Sbf1	fastq	SOMM371_GAGTGG_RA_GGGCCACATATGCAGG.fastq	SOMM371_GAGTGG_RB_GGGCCACATATGCAGG.fastq
Six_Rivers_NF_S51	GAGTGG_GCGAGTAA	RADseq of Darlingtonia Californica cuttings	RAD-Seq	GENOMIC	Restriction Digest	paired	ILLUMINA	Illumina HiSeq 2500	RAD-seq libraries using Sbf1	fastq	SOMM371_GAGTGG_RA_GGGCGAGTAATGCAGG.fastq	SOMM371_GAGTGG_RB_GGGCGAGTAATGCAGG.fastq
Six_Rivers_NF_S52	GAGTGG_GCTAACGA	RADseq of Darlingtonia Californica cuttings	RAD-Seq	GENOMIC	Restriction Digest	paired	ILLUMINA	Illumina HiSeq 2500	RAD-seq libraries using Sbf1	fastq	SOMM371_GAGTGG_RA_GGGCTAACGATGCAGG.fastq	SOMM371_GAGTGG_RB_GGGCTAACGATGCAGG.fastq
Six_Rivers_NF_S53	GAGTGG_GCTCGGTA	RADseq of Darlingtonia Californica cuttings	RAD-Seq	GENOMIC	Restriction Digest	paired	ILLUMINA	Illumina HiSeq 2500	RAD-seq libraries using Sbf1	fastq	SOMM371_GAGTGG_RA_GGGCTCGGTATGCAGG.fastq	SOMM371_GAGTGG_RB_GGGCTCGGTATGCAGG.fastq
Six_Rivers_NF_S54	GAGTGG_GGAGAACA	RADseq of Darlingtonia Californica cuttings	RAD-Seq	GENOMIC	Restriction Digest	paired	ILLUMINA	Illumina HiSeq 2500	RAD-seq libraries using Sbf1	fastq	SOMM371_GAGTGG_RA_GGGGAGAACATGCAGG.fastq	SOMM371_GAGTGG_RB_GGGGAGAACATGCAGG.fastq
Six_Rivers_NF_S55	GAGTGG_GGTGCGAA	RADseq of Darlingtonia Californica cuttings	RAD-Seq	GENOMIC	Restriction Digest	paired	ILLUMINA	Illumina HiSeq 2500	RAD-seq libraries using Sbf1	fastq	SOMM371_GAGTGG_RA_GGGGTGCGAATGCAGG.fastq	SOMM371_GAGTGG_RB_GGGGTGCGAATGCAGG.fastq
Six_Rivers_NF_S56	GAGTGG_GTACGCAA	RADseq of Darlingtonia Californica cuttings	RAD-Seq	GENOMIC	Restriction Digest	paired	ILLUMINA	Illumina HiSeq 2500	RAD-seq libraries using Sbf1	fastq	SOMM371_GAGTGG_RA_GGGTACGCAATGCAGG.fastq	SOMM371_GAGTGG_RB_GGGTACGCAATGCAGG.fastq
Six_Rivers_NF_S57	GAGTGG_GTCGTAGA	RADseq of Darlingtonia Californica cuttings	RAD-Seq	GENOMIC	Restriction Digest	paired	ILLUMINA	Illumina HiSeq 2500	RAD-seq libraries using Sbf1	fastq	SOMM371_GAGTGG_RA_GGGTCGTAGATGCAGG.fastq	SOMM371_GAGTGG_RB_GGGTCGTAGATGCAGG.fastq
Six_Rivers_NF_S58	GAGTGG_GTCTGTCA	RADseq of Darlingtonia Californica cuttings	RAD-Seq	GENOMIC	Restriction Digest	paired	ILLUMINA	Illumina HiSeq 2500	RAD-seq libraries using Sbf1	fastq	SOMM371_GAGTGG_RA_GGGTCTGTCATGCAGG.fastq	SOMM371_GAGTGG_RB_GGGTCTGTCATGCAGG.fastq
Six_Rivers_NF_S59	GAGTGG_GTGTTCTA	RADseq of Darlingtonia Californica cuttings	RAD-Seq	GENOMIC	Restriction Digest	paired	ILLUMINA	Illumina HiSeq 2500	RAD-seq libraries using Sbf1	fastq	SOMM371_GAGTGG_RA_GGGTGTTCTATGCAGG.fastq	SOMM371_GAGTGG_RB_GGGTGTTCTATGCAGG.fastq
Six_Rivers_NF_S60	GAGTGG_TAGGATGA	RADseq of Darlingtonia Californica cuttings	RAD-Seq	GENOMIC	Restriction Digest	paired	ILLUMINA	Illumina HiSeq 2500	RAD-seq libraries using Sbf1	fastq	SOMM371_GAGTGG_RA_GGTAGGATGATGCAGG.fastq	SOMM371_GAGTGG_RB_GGTAGGATGATGCAGG.fastq
Six_Rivers_NF_S73	GAGTGG_TATCAGCA	RADseq of Darlingtonia Californica cuttings	RAD-Seq	GENOMIC	Restriction Digest	paired	ILLUMINA	Illumina HiSeq 2500	RAD-seq libraries using Sbf1	fastq	SOMM371_GAGTGG_RA_GGTATCAGCATGCAGG.fastq	SOMM371_GAGTGG_RB_GGTATCAGCATGCAGG.fastq
Six_Rivers_NF_S74	GAGTGG_TCCGTCTA	RADseq of Darlingtonia Californica cuttings	RAD-Seq	GENOMIC	Restriction Digest	paired	ILLUMINA	Illumina HiSeq 2500	RAD-seq libraries using Sbf1	fastq	SOMM371_GAGTGG_RA_GGTCCGTCTATGCAGG.fastq	SOMM371_GAGTGG_RB_GGTCCGTCTATGCAGG.fastq
Six_Rivers_NF_S75	GAGTGG_TCTTCACA	RADseq of Darlingtonia Californica cuttings	RAD-Seq	GENOMIC	Restriction Digest	paired	ILLUMINA	Illumina HiSeq 2500	RAD-seq libraries using Sbf1	fastq	SOMM371_GAGTGG_RA_GGTCTTCACATGCAGG.fastq	SOMM371_GAGTGG_RB_GGTCTTCACATGCAGG.fastq
Six_Rivers_NF_S76	GAGTGG_TGAAGAGA	RADseq of Darlingtonia Californica cuttings	RAD-Seq	GENOMIC	Restriction Digest	paired	ILLUMINA	Illumina HiSeq 2500	RAD-seq libraries using Sbf1	fastq	SOMM371_GAGTGG_RA_GGTGAAGAGATGCAGG.fastq	SOMM371_GAGTGG_RB_GGTGAAGAGATGCAGG.fastq
Six_Rivers_NF_S77	GAGTGG_TGGAACAA	RADseq of Darlingtonia Californica cuttings	RAD-Seq	GENOMIC	Restriction Digest	paired	ILLUMINA	Illumina HiSeq 2500	RAD-seq libraries using Sbf1	fastq	SOMM371_GAGTGG_RA_GGTGGAACAATGCAGG.fastq	SOMM371_GAGTGG_RB_GGTGGAACAATGCAGG.fastq
Six_Rivers_NF_S78	GAGTGG_TGGCTTCA	RADseq of Darlingtonia Californica cuttings	RAD-Seq	GENOMIC	Restriction Digest	paired	ILLUMINA	Illumina HiSeq 2500	RAD-seq libraries using Sbf1	fastq	SOMM371_GAGTGG_RA_GGTGGCTTCATGCAGG.fastq	SOMM371_GAGTGG_RB_GGTGGCTTCATGCAGG.fastq
Six_Rivers_NF_S79	GAGTGG_TGGTGGTA	RADseq of Darlingtonia Californica cuttings	RAD-Seq	GENOMIC	Restriction Digest	paired	ILLUMINA	Illumina HiSeq 2500	RAD-seq libraries using Sbf1	fastq	SOMM371_GAGTGG_RA_GGTGGTGGTATGCAGG.fastq	SOMM371_GAGTGG_RB_GGTGGTGGTATGCAGG.fastq
Six_Rivers_NF_S80	GAGTGG_TTCACGCA	RADseq of Darlingtonia Californica cuttings	RAD-Seq	GENOMIC	Restriction Digest	paired	ILLUMINA	Illumina HiSeq 2500	RAD-seq libraries using Sbf1	fastq	SOMM371_GAGTGG_RA_GGTTCACGCATGCAGG.fastq	SOMM371_GAGTGG_RB_GGTTCACGCATGCAGG.fastq
Shasta-Trinity_NF_S193	GTTTCG_AAACATCG	RADseq of Darlingtonia Californica cuttings	RAD-Seq	GENOMIC	Restriction Digest	paired	ILLUMINA	Illumina HiSeq 2500	RAD-seq libraries using Sbf1	fastq	SOMM371_GTTTCG_RA_GGAAACATCGTGCAGG.fastq	SOMM371_GTTTCG_RB_GGAAACATCGTGCAGG.fastq
Shasta-Trinity_NF_S194	GTTTCG_AACAACCA	RADseq of Darlingtonia Californica cuttings	RAD-Seq	GENOMIC	Restriction Digest	paired	ILLUMINA	Illumina HiSeq 2500	RAD-seq libraries using Sbf1	fastq	SOMM371_GTTTCG_RA_GGAACAACCATGCAGG.fastq	SOMM371_GTTTCG_RB_GGAACAACCATGCAGG.fastq
Shasta-Trinity_NF_S195	GTTTCG_AACCGAGA	RADseq of Darlingtonia Californica cuttings	RAD-Seq	GENOMIC	Restriction Digest	paired	ILLUMINA	Illumina HiSeq 2500	RAD-seq libraries using Sbf1	fastq	SOMM371_GTTTCG_RA_GGAACCGAGATGCAGG.fastq	SOMM371_GTTTCG_RB_GGAACCGAGATGCAGG.fastq
Shasta-Trinity_NF_S196	GTTTCG_AACGAACG	RADseq of Darlingtonia Californica cuttings	RAD-Seq	GENOMIC	Restriction Digest	paired	ILLUMINA	Illumina HiSeq 2500	RAD-seq libraries using Sbf1	fastq	SOMM371_GTTTCG_RA_GGAACGAACGTGCAGG.fastq	SOMM371_GTTTCG_RB_GGAACGAACGTGCAGG.fastq
Shasta-Trinity_NF_S197	GTTTCG_AACGCTTA	RADseq of Darlingtonia Californica cuttings	RAD-Seq	GENOMIC	Restriction Digest	paired	ILLUMINA	Illumina HiSeq 2500	RAD-seq libraries using Sbf1	fastq	SOMM371_GTTTCG_RA_GGAACGCTTATGCAGG.fastq	SOMM371_GTTTCG_RB_GGAACGCTTATGCAGG.fastq
Shasta-Trinity_NF_S198	GTTTCG_AACGTGAT	RADseq of Darlingtonia Californica cuttings	RAD-Seq	GENOMIC	Restriction Digest	paired	ILLUMINA	Illumina HiSeq 2500	RAD-seq libraries using Sbf1	fastq	SOMM371_GTTTCG_RA_GGAACGTGATTGCAGG.fastq	SOMM371_GTTTCG_RB_GGAACGTGATTGCAGG.fastq
Shasta-Trinity_NF_S199	GTTTCG_AAGACGGA	RADseq of Darlingtonia Californica cuttings	RAD-Seq	GENOMIC	Restriction Digest	paired	ILLUMINA	Illumina HiSeq 2500	RAD-seq libraries using Sbf1	fastq	SOMM371_GTTTCG_RA_GGAAGACGGATGCAGG.fastq	SOMM371_GTTTCG_RB_GGAAGACGGATGCAGG.fastq
Mendocino_County_S253	GTTTCG_AAGAGATC	RADseq of Darlingtonia Californica cuttings	RAD-Seq	GENOMIC	Restriction Digest	paired	ILLUMINA	Illumina HiSeq 2500	RAD-seq libraries using Sbf1	fastq	SOMM371_GTTTCG_RA_GGAAGAGATCTGCAGG.fastq	SOMM371_GTTTCG_RB_GGAAGAGATCTGCAGG.fastq
Shasta-Trinity_NF_S200	GTTTCG_AAGGTACA	RADseq of Darlingtonia Californica cuttings	RAD-Seq	GENOMIC	Restriction Digest	paired	ILLUMINA	Illumina HiSeq 2500	RAD-seq libraries using Sbf1	fastq	SOMM371_GTTTCG_RA_GGAAGGTACATGCAGG.fastq	SOMM371_GTTTCG_RB_GGAAGGTACATGCAGG.fastq
Shasta-Trinity_NF_S201	GTTTCG_ACAAGCTA	RADseq of Darlingtonia Californica cuttings	RAD-Seq	GENOMIC	Restriction Digest	paired	ILLUMINA	Illumina HiSeq 2500	RAD-seq libraries using Sbf1	fastq	SOMM371_GTTTCG_RA_GGACAAGCTATGCAGG.fastq	SOMM371_GTTTCG_RB_GGACAAGCTATGCAGG.fastq
Shasta-Trinity_NF_S202	GTTTCG_ACACAGAA	RADseq of Darlingtonia Californica cuttings	RAD-Seq	GENOMIC	Restriction Digest	paired	ILLUMINA	Illumina HiSeq 2500	RAD-seq libraries using Sbf1	fastq	SOMM371_GTTTCG_RA_GGACACAGAATGCAGG.fastq	SOMM371_GTTTCG_RB_GGACACAGAATGCAGG.fastq
Mendocino_County_S254	GTTTCG_ACACGAGA	RADseq of Darlingtonia Californica cuttings	RAD-Seq	GENOMIC	Restriction Digest	paired	ILLUMINA	Illumina HiSeq 2500	RAD-seq libraries using Sbf1	fastq	SOMM371_GTTTCG_RA_GGACACGAGATGCAGG.fastq	SOMM371_GTTTCG_RB_GGACACGAGATGCAGG.fastq
Shasta-Trinity_NF_S203	GTTTCG_ACAGCAGA	RADseq of Darlingtonia Californica cuttings	RAD-Seq	GENOMIC	Restriction Digest	paired	ILLUMINA	Illumina HiSeq 2500	RAD-seq libraries using Sbf1	fastq	SOMM371_GTTTCG_RA_GGACAGCAGATGCAGG.fastq	SOMM371_GTTTCG_RB_GGACAGCAGATGCAGG.fastq
Shasta-Trinity_NF_S204	GTTTCG_ACATTGGC	RADseq of Darlingtonia Californica cuttings	RAD-Seq	GENOMIC	Restriction Digest	paired	ILLUMINA	Illumina HiSeq 2500	RAD-seq libraries using Sbf1	fastq	SOMM371_GTTTCG_RA_GGACATTGGCTGCAGG.fastq	SOMM371_GTTTCG_RB_GGACATTGGCTGCAGG.fastq
Shasta-Trinity_NF_S205	GTTTCG_ACCACTGT	RADseq of Darlingtonia Californica cuttings	RAD-Seq	GENOMIC	Restriction Digest	paired	ILLUMINA	Illumina HiSeq 2500	RAD-seq libraries using Sbf1	fastq	SOMM371_GTTTCG_RA_GGACCACTGTTGCAGG.fastq	SOMM371_GTTTCG_RB_GGACCACTGTTGCAGG.fastq
Shasta-Trinity_NF_S206	GTTTCG_ACCTCCAA	RADseq of Darlingtonia Californica cuttings	RAD-Seq	GENOMIC	Restriction Digest	paired	ILLUMINA	Illumina HiSeq 2500	RAD-seq libraries using Sbf1	fastq	SOMM371_GTTTCG_RA_GGACCTCCAATGCAGG.fastq	SOMM371_GTTTCG_RB_GGACCTCCAATGCAGG.fastq
Shasta-Trinity_NF_S213	GTTTCG_ACGCTCGA	RADseq of Darlingtonia Californica cuttings	RAD-Seq	GENOMIC	Restriction Digest	paired	ILLUMINA	Illumina HiSeq 2500	RAD-seq libraries using Sbf1	fastq	SOMM371_GTTTCG_RA_GGACGCTCGATGCAGG.fastq	SOMM371_GTTTCG_RB_GGACGCTCGATGCAGG.fastq
Shasta-Trinity_NF_S214	GTTTCG_ACGTATCA	RADseq of Darlingtonia Californica cuttings	RAD-Seq	GENOMIC	Restriction Digest	paired	ILLUMINA	Illumina HiSeq 2500	RAD-seq libraries using Sbf1	fastq	SOMM371_GTTTCG_RA_GGACGTATCATGCAGG.fastq	SOMM371_GTTTCG_RB_GGACGTATCATGCAGG.fastq
Shasta-Trinity_NF_S215	GTTTCG_ACTATGCA	RADseq of Darlingtonia Californica cuttings	RAD-Seq	GENOMIC	Restriction Digest	paired	ILLUMINA	Illumina HiSeq 2500	RAD-seq libraries using Sbf1	fastq	SOMM371_GTTTCG_RA_GGACTATGCATGCAGG.fastq	SOMM371_GTTTCG_RB_GGACTATGCATGCAGG.fastq
Shasta-Trinity_NF_S216	GTTTCG_AGAGTCAA	RADseq of Darlingtonia Californica cuttings	RAD-Seq	GENOMIC	Restriction Digest	paired	ILLUMINA	Illumina HiSeq 2500	RAD-seq libraries using Sbf1	fastq	SOMM371_GTTTCG_RA_GGAGAGTCAATGCAGG.fastq	SOMM371_GTTTCG_RB_GGAGAGTCAATGCAGG.fastq
Shasta-Trinity_NF_S217	GTTTCG_AGATCGCA	RADseq of Darlingtonia Californica cuttings	RAD-Seq	GENOMIC	Restriction Digest	paired	ILLUMINA	Illumina HiSeq 2500	RAD-seq libraries using Sbf1	fastq	SOMM371_GTTTCG_RA_GGAGATCGCATGCAGG.fastq	SOMM371_GTTTCG_RB_GGAGATCGCATGCAGG.fastq
Shasta-Trinity_NF_S218	GTTTCG_AGCAGGAA	RADseq of Darlingtonia Californica cuttings	RAD-Seq	GENOMIC	Restriction Digest	paired	ILLUMINA	Illumina HiSeq 2500	RAD-seq libraries using Sbf1	fastq	SOMM371_GTTTCG_RA_GGAGCAGGAATGCAGG.fastq	SOMM371_GTTTCG_RB_GGAGCAGGAATGCAGG.fastq
Shasta-Trinity_NF_S207	GTTTCG_AGTACAAG	RADseq of Darlingtonia Californica cuttings	RAD-Seq	GENOMIC	Restriction Digest	paired	ILLUMINA	Illumina HiSeq 2500	RAD-seq libraries using Sbf1	fastq	SOMM371_GTTTCG_RA_GGAGTACAAGTGCAGG.fastq	SOMM371_GTTTCG_RB_GGAGTACAAGTGCAGG.fastq
Shasta-Trinity_NF_S219	GTTTCG_AGTCACTA	RADseq of Darlingtonia Californica cuttings	RAD-Seq	GENOMIC	Restriction Digest	paired	ILLUMINA	Illumina HiSeq 2500	RAD-seq libraries using Sbf1	fastq	SOMM371_GTTTCG_RA_GGAGTCACTATGCAGG.fastq	SOMM371_GTTTCG_RB_GGAGTCACTATGCAGG.fastq
Shasta-Trinity_NF_S208	GTTTCG_AGTGGTCA	RADseq of Darlingtonia Californica cuttings	RAD-Seq	GENOMIC	Restriction Digest	paired	ILLUMINA	Illumina HiSeq 2500	RAD-seq libraries using Sbf1	fastq	SOMM371_GTTTCG_RA_GGAGTGGTCATGCAGG.fastq	SOMM371_GTTTCG_RB_GGAGTGGTCATGCAGG.fastq
Shasta-Trinity_NF_S220	GTTTCG_ATCCTGTA	RADseq of Darlingtonia Californica cuttings	RAD-Seq	GENOMIC	Restriction Digest	paired	ILLUMINA	Illumina HiSeq 2500	RAD-seq libraries using Sbf1	fastq	SOMM371_GTTTCG_RA_GGATCCTGTATGCAGG.fastq	SOMM371_GTTTCG_RB_GGATCCTGTATGCAGG.fastq
Shasta-Trinity_NF_S209	GTTTCG_ATGCCTAA	RADseq of Darlingtonia Californica cuttings	RAD-Seq	GENOMIC	Restriction Digest	paired	ILLUMINA	Illumina HiSeq 2500	RAD-seq libraries using Sbf1	fastq	SOMM371_GTTTCG_RA_GGATGCCTAATGCAGG.fastq	SOMM371_GTTTCG_RB_GGATGCCTAATGCAGG.fastq
Shasta-Trinity_NF_S221	GTTTCG_ATTGAGGA	RADseq of Darlingtonia Californica cuttings	RAD-Seq	GENOMIC	Restriction Digest	paired	ILLUMINA	Illumina HiSeq 2500	RAD-seq libraries using Sbf1	fastq	SOMM371_GTTTCG_RA_GGATTGAGGATGCAGG.fastq	SOMM371_GTTTCG_RB_GGATTGAGGATGCAGG.fastq
Shasta-Trinity_NF_S222	GTTTCG_CAACCACA	RADseq of Darlingtonia Californica cuttings	RAD-Seq	GENOMIC	Restriction Digest	paired	ILLUMINA	Illumina HiSeq 2500	RAD-seq libraries using Sbf1	fastq	SOMM371_GTTTCG_RA_GGCAACCACATGCAGG.fastq	SOMM371_GTTTCG_RB_GGCAACCACATGCAGG.fastq
Shasta-Trinity_NF_S223	GTTTCG_CAAGACTA	RADseq of Darlingtonia Californica cuttings	RAD-Seq	GENOMIC	Restriction Digest	paired	ILLUMINA	Illumina HiSeq 2500	RAD-seq libraries using Sbf1	fastq	SOMM371_GTTTCG_RA_GGCAAGACTATGCAGG.fastq	SOMM371_GTTTCG_RB_GGCAAGACTATGCAGG.fastq
Shasta-Trinity_NF_S224	GTTTCG_CAATGGAA	RADseq of Darlingtonia Californica cuttings	RAD-Seq	GENOMIC	Restriction Digest	paired	ILLUMINA	Illumina HiSeq 2500	RAD-seq libraries using Sbf1	fastq	SOMM371_GTTTCG_RA_GGCAATGGAATGCAGG.fastq	SOMM371_GTTTCG_RB_GGCAATGGAATGCAGG.fastq
Shasta-Trinity_NF_S225	GTTTCG_CACTTCGA	RADseq of Darlingtonia Californica cuttings	RAD-Seq	GENOMIC	Restriction Digest	paired	ILLUMINA	Illumina HiSeq 2500	RAD-seq libraries using Sbf1	fastq	SOMM371_GTTTCG_RA_GGCACTTCGATGCAGG.fastq	SOMM371_GTTTCG_RB_GGCACTTCGATGCAGG.fastq
Shasta-Trinity_NF_S210	GTTTCG_CAGATCTG	RADseq of Darlingtonia Californica cuttings	RAD-Seq	GENOMIC	Restriction Digest	paired	ILLUMINA	Illumina HiSeq 2500	RAD-seq libraries using Sbf1	fastq	SOMM371_GTTTCG_RA_GGCAGATCTGTGCAGG.fastq	SOMM371_GTTTCG_RB_GGCAGATCTGTGCAGG.fastq
Shasta-Trinity_NF_S226	GTTTCG_CAGCGTTA	RADseq of Darlingtonia Californica cuttings	RAD-Seq	GENOMIC	Restriction Digest	paired	ILLUMINA	Illumina HiSeq 2500	RAD-seq libraries using Sbf1	fastq	SOMM371_GTTTCG_RA_GGCAGCGTTATGCAGG.fastq	SOMM371_GTTTCG_RB_GGCAGCGTTATGCAGG.fastq
Shasta-Trinity_NF_S227	GTTTCG_CATACCAA	RADseq of Darlingtonia Californica cuttings	RAD-Seq	GENOMIC	Restriction Digest	paired	ILLUMINA	Illumina HiSeq 2500	RAD-seq libraries using Sbf1	fastq	SOMM371_GTTTCG_RA_GGCATACCAATGCAGG.fastq	SOMM371_GTTTCG_RB_GGCATACCAATGCAGG.fastq
Shasta-Trinity_NF_S211	GTTTCG_CATCAAGT	RADseq of Darlingtonia Californica cuttings	RAD-Seq	GENOMIC	Restriction Digest	paired	ILLUMINA	Illumina HiSeq 2500	RAD-seq libraries using Sbf1	fastq	SOMM371_GTTTCG_RA_GGCATCAAGTTGCAGG.fastq	SOMM371_GTTTCG_RB_GGCATCAAGTTGCAGG.fastq
Shasta-Trinity_NF_S228	GTTTCG_CCAGTTCA	RADseq of Darlingtonia Californica cuttings	RAD-Seq	GENOMIC	Restriction Digest	paired	ILLUMINA	Illumina HiSeq 2500	RAD-seq libraries using Sbf1	fastq	SOMM371_GTTTCG_RA_GGCCAGTTCATGCAGG.fastq	SOMM371_GTTTCG_RB_GGCCAGTTCATGCAGG.fastq
Shasta-Trinity_NF_S229	GTTTCG_CCGAAGTA	RADseq of Darlingtonia Californica cuttings	RAD-Seq	GENOMIC	Restriction Digest	paired	ILLUMINA	Illumina HiSeq 2500	RAD-seq libraries using Sbf1	fastq	SOMM371_GTTTCG_RA_GGCCGAAGTATGCAGG.fastq	SOMM371_GTTTCG_RB_GGCCGAAGTATGCAGG.fastq
Shasta-Trinity_NF_S230	GTTTCG_CCGTGAGA	RADseq of Darlingtonia Californica cuttings	RAD-Seq	GENOMIC	Restriction Digest	paired	ILLUMINA	Illumina HiSeq 2500	RAD-seq libraries using Sbf1	fastq	SOMM371_GTTTCG_RA_GGCCGTGAGATGCAGG.fastq	SOMM371_GTTTCG_RB_GGCCGTGAGATGCAGG.fastq
Shasta-Trinity_NF_S231	GTTTCG_CCTCCTGA	RADseq of Darlingtonia Californica cuttings	RAD-Seq	GENOMIC	Restriction Digest	paired	ILLUMINA	Illumina HiSeq 2500	RAD-seq libraries using Sbf1	fastq	SOMM371_GTTTCG_RA_GGCCTCCTGATGCAGG.fastq	SOMM371_GTTTCG_RB_GGCCTCCTGATGCAGG.fastq
Shasta-Trinity_NF_S232	GTTTCG_CGAACTTA	RADseq of Darlingtonia Californica cuttings	RAD-Seq	GENOMIC	Restriction Digest	paired	ILLUMINA	Illumina HiSeq 2500	RAD-seq libraries using Sbf1	fastq	SOMM371_GTTTCG_RA_GGCGAACTTATGCAGG.fastq	SOMM371_GTTTCG_RB_GGCGAACTTATGCAGG.fastq
Shasta-Trinity_NF_S233	GTTTCG_CGACTGGA	RADseq of Darlingtonia Californica cuttings	RAD-Seq	GENOMIC	Restriction Digest	paired	ILLUMINA	Illumina HiSeq 2500	RAD-seq libraries using Sbf1	fastq	SOMM371_GTTTCG_RA_GGCGACTGGATGCAGG.fastq	SOMM371_GTTTCG_RB_GGCGACTGGATGCAGG.fastq
Shasta-Trinity_NF_S234	GTTTCG_CGCATACA	RADseq of Darlingtonia Californica cuttings	RAD-Seq	GENOMIC	Restriction Digest	paired	ILLUMINA	Illumina HiSeq 2500	RAD-seq libraries using Sbf1	fastq	SOMM371_GTTTCG_RA_GGCGCATACATGCAGG.fastq	SOMM371_GTTTCG_RB_GGCGCATACATGCAGG.fastq
Shasta-Trinity_NF_S212	GTTTCG_CGCTGATC	RADseq of Darlingtonia Californica cuttings	RAD-Seq	GENOMIC	Restriction Digest	paired	ILLUMINA	Illumina HiSeq 2500	RAD-seq libraries using Sbf1	fastq	SOMM371_GTTTCG_RA_GGCGCTGATCTGCAGG.fastq	SOMM371_GTTTCG_RB_GGCGCTGATCTGCAGG.fastq
Shasta-Trinity_NF_S235	GTTTCG_CTCAATGA	RADseq of Darlingtonia Californica cuttings	RAD-Seq	GENOMIC	Restriction Digest	paired	ILLUMINA	Illumina HiSeq 2500	RAD-seq libraries using Sbf1	fastq	SOMM371_GTTTCG_RA_GGCTCAATGATGCAGG.fastq	SOMM371_GTTTCG_RB_GGCTCAATGATGCAGG.fastq
Shasta-Trinity_NF_S236	GTTTCG_CTGAGCCA	RADseq of Darlingtonia Californica cuttings	RAD-Seq	GENOMIC	Restriction Digest	paired	ILLUMINA	Illumina HiSeq 2500	RAD-seq libraries using Sbf1	fastq	SOMM371_GTTTCG_RA_GGCTGAGCCATGCAGG.fastq	SOMM371_GTTTCG_RB_GGCTGAGCCATGCAGG.fastq
Shasta-Trinity_NF_S237	GTTTCG_CTGGCATA	RADseq of Darlingtonia Californica cuttings	RAD-Seq	GENOMIC	Restriction Digest	paired	ILLUMINA	Illumina HiSeq 2500	RAD-seq libraries using Sbf1	fastq	SOMM371_GTTTCG_RA_GGCTGGCATATGCAGG.fastq	SOMM371_GTTTCG_RB_GGCTGGCATATGCAGG.fastq
Shasta-Trinity_NF_S238	GTTTCG_GAATCTGA	RADseq of Darlingtonia Californica cuttings	RAD-Seq	GENOMIC	Restriction Digest	paired	ILLUMINA	Illumina HiSeq 2500	RAD-seq libraries using Sbf1	fastq	SOMM371_GTTTCG_RA_GGGAATCTGATGCAGG.fastq	SOMM371_GTTTCG_RB_GGGAATCTGATGCAGG.fastq
Shasta-Trinity_NF_S239	GTTTCG_GACTAGTA	RADseq of Darlingtonia Californica cuttings	RAD-Seq	GENOMIC	Restriction Digest	paired	ILLUMINA	Illumina HiSeq 2500	RAD-seq libraries using Sbf1	fastq	SOMM371_GTTTCG_RA_GGGACTAGTATGCAGG.fastq	SOMM371_GTTTCG_RB_GGGACTAGTATGCAGG.fastq
Shasta-Trinity_NF_S240	GTTTCG_GAGCTGAA	RADseq of Darlingtonia Californica cuttings	RAD-Seq	GENOMIC	Restriction Digest	paired	ILLUMINA	Illumina HiSeq 2500	RAD-seq libraries using Sbf1	fastq	SOMM371_GTTTCG_RA_GGGAGCTGAATGCAGG.fastq	SOMM371_GTTTCG_RB_GGGAGCTGAATGCAGG.fastq
Shasta-Trinity_NF_S241	GTTTCG_GATAGACA	RADseq of Darlingtonia Californica cuttings	RAD-Seq	GENOMIC	Restriction Digest	paired	ILLUMINA	Illumina HiSeq 2500	RAD-seq libraries using Sbf1	fastq	SOMM371_GTTTCG_RA_GGGATAGACATGCAGG.fastq	SOMM371_GTTTCG_RB_GGGATAGACATGCAGG.fastq
Shasta-Trinity_NF_S242	GTTTCG_GCCACATA	RADseq of Darlingtonia Californica cuttings	RAD-Seq	GENOMIC	Restriction Digest	paired	ILLUMINA	Illumina HiSeq 2500	RAD-seq libraries using Sbf1	fastq	SOMM371_GTTTCG_RA_GGGCCACATATGCAGG.fastq	SOMM371_GTTTCG_RB_GGGCCACATATGCAGG.fastq
Shasta-Trinity_NF_S243	GTTTCG_GCGAGTAA	RADseq of Darlingtonia Californica cuttings	RAD-Seq	GENOMIC	Restriction Digest	paired	ILLUMINA	Illumina HiSeq 2500	RAD-seq libraries using Sbf1	fastq	SOMM371_GTTTCG_RA_GGGCGAGTAATGCAGG.fastq	SOMM371_GTTTCG_RB_GGGCGAGTAATGCAGG.fastq
Shasta-Trinity_NF_S244	GTTTCG_GCTAACGA	RADseq of Darlingtonia Californica cuttings	RAD-Seq	GENOMIC	Restriction Digest	paired	ILLUMINA	Illumina HiSeq 2500	RAD-seq libraries using Sbf1	fastq	SOMM371_GTTTCG_RA_GGGCTAACGATGCAGG.fastq	SOMM371_GTTTCG_RB_GGGCTAACGATGCAGG.fastq
Shasta-Trinity_NF_S245	GTTTCG_GCTCGGTA	RADseq of Darlingtonia Californica cuttings	RAD-Seq	GENOMIC	Restriction Digest	paired	ILLUMINA	Illumina HiSeq 2500	RAD-seq libraries using Sbf1	fastq	SOMM371_GTTTCG_RA_GGGCTCGGTATGCAGG.fastq	SOMM371_GTTTCG_RB_GGGCTCGGTATGCAGG.fastq
Shasta-Trinity_NF_S246	GTTTCG_GGAGAACA	RADseq of Darlingtonia Californica cuttings	RAD-Seq	GENOMIC	Restriction Digest	paired	ILLUMINA	Illumina HiSeq 2500	RAD-seq libraries using Sbf1	fastq	SOMM371_GTTTCG_RA_GGGGAGAACATGCAGG.fastq	SOMM371_GTTTCG_RB_GGGGAGAACATGCAGG.fastq
Shasta-Trinity_NF_S247	GTTTCG_GGTGCGAA	RADseq of Darlingtonia Californica cuttings	RAD-Seq	GENOMIC	Restriction Digest	paired	ILLUMINA	Illumina HiSeq 2500	RAD-seq libraries using Sbf1	fastq	SOMM371_GTTTCG_RA_GGGGTGCGAATGCAGG.fastq	SOMM371_GTTTCG_RB_GGGGTGCGAATGCAGG.fastq
Shasta-Trinity_NF_S248	GTTTCG_GTACGCAA	RADseq of Darlingtonia Californica cuttings	RAD-Seq	GENOMIC	Restriction Digest	paired	ILLUMINA	Illumina HiSeq 2500	RAD-seq libraries using Sbf1	fastq	SOMM371_GTTTCG_RA_GGGTACGCAATGCAGG.fastq	SOMM371_GTTTCG_RB_GGGTACGCAATGCAGG.fastq
Shasta-Trinity_NF_S249	GTTTCG_GTCGTAGA	RADseq of Darlingtonia Californica cuttings	RAD-Seq	GENOMIC	Restriction Digest	paired	ILLUMINA	Illumina HiSeq 2500	RAD-seq libraries using Sbf1	fastq	SOMM371_GTTTCG_RA_GGGTCGTAGATGCAGG.fastq	SOMM371_GTTTCG_RB_GGGTCGTAGATGCAGG.fastq
Shasta-Trinity_NF_S250	GTTTCG_GTCTGTCA	RADseq of Darlingtonia Californica cuttings	RAD-Seq	GENOMIC	Restriction Digest	paired	ILLUMINA	Illumina HiSeq 2500	RAD-seq libraries using Sbf1	fastq	SOMM371_GTTTCG_RA_GGGTCTGTCATGCAGG.fastq	SOMM371_GTTTCG_RB_GGGTCTGTCATGCAGG.fastq
Shasta-Trinity_NF_S251	GTTTCG_GTGTTCTA	RADseq of Darlingtonia Californica cuttings	RAD-Seq	GENOMIC	Restriction Digest	paired	ILLUMINA	Illumina HiSeq 2500	RAD-seq libraries using Sbf1	fastq	SOMM371_GTTTCG_RA_GGGTGTTCTATGCAGG.fastq	SOMM371_GTTTCG_RB_GGGTGTTCTATGCAGG.fastq
Shasta-Trinity_NF_S252	GTTTCG_TAGGATGA	RADseq of Darlingtonia Californica cuttings	RAD-Seq	GENOMIC	Restriction Digest	paired	ILLUMINA	Illumina HiSeq 2500	RAD-seq libraries using Sbf1	fastq	SOMM371_GTTTCG_RA_GGTAGGATGATGCAGG.fastq	SOMM371_GTTTCG_RB_GGTAGGATGATGCAGG.fastq
Mendocino_County_S255	GTTTCG_TATCAGCA	RADseq of Darlingtonia Californica cuttings	RAD-Seq	GENOMIC	Restriction Digest	paired	ILLUMINA	Illumina HiSeq 2500	RAD-seq libraries using Sbf1	fastq	SOMM371_GTTTCG_RA_GGTATCAGCATGCAGG.fastq	SOMM371_GTTTCG_RB_GGTATCAGCATGCAGG.fastq
Mendocino_County_S256	GTTTCG_TCCGTCTA	RADseq of Darlingtonia Californica cuttings	RAD-Seq	GENOMIC	Restriction Digest	paired	ILLUMINA	Illumina HiSeq 2500	RAD-seq libraries using Sbf1	fastq	SOMM371_GTTTCG_RA_GGTCCGTCTATGCAGG.fastq	SOMM371_GTTTCG_RB_GGTCCGTCTATGCAGG.fastq
Mendocino_County_S257	GTTTCG_TCTTCACA	RADseq of Darlingtonia Californica cuttings	RAD-Seq	GENOMIC	Restriction Digest	paired	ILLUMINA	Illumina HiSeq 2500	RAD-seq libraries using Sbf1	fastq	SOMM371_GTTTCG_RA_GGTCTTCACATGCAGG.fastq	SOMM371_GTTTCG_RB_GGTCTTCACATGCAGG.fastq
Mendocino_County_S258	GTTTCG_TGAAGAGA	RADseq of Darlingtonia Californica cuttings	RAD-Seq	GENOMIC	Restriction Digest	paired	ILLUMINA	Illumina HiSeq 2500	RAD-seq libraries using Sbf1	fastq	SOMM371_GTTTCG_RA_GGTGAAGAGATGCAGG.fastq	SOMM371_GTTTCG_RB_GGTGAAGAGATGCAGG.fastq
Mendocino_County_S259	GTTTCG_TGGAACAA	RADseq of Darlingtonia Californica cuttings	RAD-Seq	GENOMIC	Restriction Digest	paired	ILLUMINA	Illumina HiSeq 2500	RAD-seq libraries using Sbf1	fastq	SOMM371_GTTTCG_RA_GGTGGAACAATGCAGG.fastq	SOMM371_GTTTCG_RB_GGTGGAACAATGCAGG.fastq
Mendocino_County_S260	GTTTCG_TGGCTTCA	RADseq of Darlingtonia Californica cuttings	RAD-Seq	GENOMIC	Restriction Digest	paired	ILLUMINA	Illumina HiSeq 2500	RAD-seq libraries using Sbf1	fastq	SOMM371_GTTTCG_RA_GGTGGCTTCATGCAGG.fastq	SOMM371_GTTTCG_RB_GGTGGCTTCATGCAGG.fastq
Mendocino_County_S261	GTTTCG_TGGTGGTA	RADseq of Darlingtonia Californica cuttings	RAD-Seq	GENOMIC	Restriction Digest	paired	ILLUMINA	Illumina HiSeq 2500	RAD-seq libraries using Sbf1	fastq	SOMM371_GTTTCG_RA_GGTGGTGGTATGCAGG.fastq	SOMM371_GTTTCG_RB_GGTGGTGGTATGCAGG.fastq
Mendocino_County_S262	GTTTCG_TTCACGCA	RADseq of Darlingtonia Californica cuttings	RAD-Seq	GENOMIC	Restriction Digest	paired	ILLUMINA	Illumina HiSeq 2500	RAD-seq libraries using Sbf1	fastq	SOMM371_GTTTCG_RA_GGTTCACGCATGCAGG.fastq	SOMM371_GTTTCG_RB_GGTTCACGCATGCAGG.fastq
